0;0;0;38;2;-0.5;0;0;0
0;0.7;0.7;37.5;2;-0.5;0;0;0
0;1.5;0.8;37;2;-0.5;0;0;0
0;2.4;0.9;36.5;2;-0.5;0;0;0
0;2.4;5.96046e-08;36;2;-0.5;0;0;0
0;1.4;-1;35.5;2;-0.5;0;0;0
0;0.4;-1;35;2;-0.5;0;0;0
0;-0.6;-1;34.5;2;-0.5;0;0;0
0;-1;-0.4;34;2;-0.5;0;0;0
0;-2;-1;33.5;2;-0.5;0;0;0
0;-2.1;-0.1;33;2;-0.5;0;0;0
0;-2.8;-0.7;32.5;2;-0.5;0;0;0
0;-3.8;-1;32;2;-0.5;0;0;0
0;-4.8;-1;31.5;2;-0.5;0;0;0
0;-5.8;-1;31;2;-0.5;0;0;0
0;-5.9;-0.1;30.5;2;-0.5;0;0;0
0;-6.5;-0.6;30;2;-0.5;0;0;0
0;-7.5;-1;29.5;2;-0.5;0;0;0
0;-8;0;29;2;-0.5;0;0;0
0;-7.1;0.9;28.5;2;-0.5;0;0;0
0;-6.8;0.3;28;2;-0.5;0;0;0
0;-6.4;0.4;27.5;2;-0.5;0;0;0
0;-6;0.4;27;2;-0.5;0;0;0
0;-6.6;-0.6;26.5;2;-0.5;0;0;0
0;-7.6;-1;26;2;-0.5;0;0;0
0;-8;0;25.5;2;-0.5;0;0;0
0;-7.9;0.1;25;2;-0.5;0;0;0
0;-7.4;0.5;24.5;2;-0.5;0;0;0
0;-6.4;1;24;2;-0.5;0;0;0
0;-5.4;1;23.5;2;-0.5;0;0;0
0;-4.6;0.8;23;2;-0.5;0;0;0
0;-3.6;1;22.5;2;-0.5;0;0;0
0;-3.4;0.2;22;2;-0.5;0;0;0
0;-4;-0.6;21.5;2;-0.5;0;0;1
0.2;-4.8;-0.6;21;1.8;-0.5;0;0;0
0.2;-5.2;-0.2;20.5;1.6;-0.5;0;0;0
0.2;-5.3;0.1;20;1.4;-0.5;0;0;0
0.2;-5.1;0.4;19.5;1.2;-0.5;0;0;0
0.2;-4.5;0.8;19;1;-0.5;0;0;0
0.2;-3.7;1;18.5;0.800001;-0.5;0;0;0
0.2;-2.9;1;18;0.600001;-0.5;0;0;0
0.2;-2.1;1;17.5;0.400002;-0.5;0;0;0
0.2;-1.3;1;17;0.200002;-0.5;0;0;0
0.2;-0.499998;1;16.5;1.90735e-06;-0.5;0;0;0
0.2;0.300002;1;16;-0.199998;-0.5;0;0;0
0.2;1.1;1;15.5;-0.399998;-0.5;0;0;0
0.2;1.9;1;15;-0.599998;-0.5;0;0;0
0.2;2;0.3;14.5;-0.799997;-0.5;0;0;0
0.2;1.9;0.1;14;-0.999997;-0.5;0;0;0
0.2;1.9;0.2;13.5;-1.2;-0.5;0;0;0
0.2;2.7;1;13;-1.4;-0.5;0;0;0
0.2;3.5;1;12.5;-1.6;-0.5;0;0;0
0.2;4.3;1;12;-1.8;-0.5;0;0;0
0.2;5;0;11.5;-2;-0.5;0;0;0
0.2;4.2;-0.6;11;-2.2;-0.5;0;0;0
0.2;3;-1;10.5;-2.4;-0.5;0;0;0
0.2;1.8;-1;10;-2.6;-0.5;0;0;0
0.2;0.900003;-0.7;9.5;-2.8;-0.5;0;1;0
0;0.300003;-0.6;9;-2.8;-0.5;0;0;0
0;-0.299997;-0.6;8.5;-2.8;-0.5;0;0;0
0;-1.3;-1;8;-2.8;-0.5;0;0;0
0;-2.3;-1;7.5;-2.8;-0.5;0;0;0
0;-2.4;-0.1;7;-2.8;-0.5;0;0;0
0;-3.4;-1;6.5;-2.8;-0.5;0;0;0
0;-4.4;-1;6;-2.8;-0.5;0;0;0
0;-4.7;-0.3;5.5;-2.8;-0.5;0;0;0
0;-5.7;-1;5;-2.8;-0.5;0;0;0
0;-6.7;-1;4.5;-2.8;-0.5;0;0;0
0;-7.2;-0.5;4;-2.8;-0.5;0;0;0
0;-6.9;0.3;3.5;-2.8;-0.5;0;0;0
0;-7.4;-0.5;3;-2.8;-0.5;0;0;0
0;-7.3;0.1;2.5;-2.8;-0.5;0;0;0
0;-8.1;-0.8;2;-2.8;-0.5;0;0;0
0;-9.1;-1;1.5;-2.8;-0.5;0;0;0
0;-10.1;-1;1;-2.8;-0.5;0;1;0
-0.2;-10.9;-1;0.5;-2.6;-0.5;0;0;0
-0.2;-11.5;-0.8;0;-2.4;-0.5;0;0;0
-0.2;-12.1;-0.8;-0.5;-2.2;-0.5;0;0;0
-0.2;-12;0;-1;-2;-0.5;0;0;0
0;-11.8;0;38;-1.8;-0.5;0;1;0
-0.2;-11.6;0;37.5;-1.6;-0.5;0;1;0
-0.4;-10.3;0.9;37;-1.2;-0.5;0;0;0
-0.4;-8.9;1;36.5;-0.799997;-0.5;0;0;0
-0.4;-7.5;1;36;-0.399998;-0.5;0;0;0
-0.4;-6.1;1;35.5;1.90735e-06;-0.5;0;0;0
-0.4;-4.8;0.9;35;0.400002;-0.5;0;0;0
-0.4;-3.8;0.6;34.5;0.800001;-0.5;0;0;0
-0.4;-3.5;-0.1;34;1.2;-0.5;0;0;0
-0.4;-3.1;-2.23517e-08;33.5;1.6;-0.5;0;0;0
-0.4;-3.5;-0.8;33;2;-0.5;0;0;0
-0.4;-3.4;-0.3;32.5;2.4;-0.5;0;1;0
-0.6;-2.2;0.6;32;3;-0.5;0;0;0
-0.6;-0.6;1;31.5;3.6;-0.5;0;0;0
-0.6;1;1;31;4.2;-0.5;0;0;0
-0.6;2.6;1;30.5;4.8;-0.5;0;0;0
-0.6;3.3;0.1;30;5.4;-0.5;0;0;0
-0.6;3.3;-0.6;29.5;6;-0.5;0;0;0
-0.6;3.6;-0.3;29;6.6;-0.5;0;0;0
-0.6;3.2;-1;28.5;7.2;-0.5;0;0;0
-0.6;3.3;-0.5;28;7.8;-0.5;0;0;1
-0.4;2.7;-1;27.5;8.2;-0.5;0;0;0
-0.4;2.1;-1;27;8.6;-0.5;0;0;0
-0.4;1.6;-0.9;26.5;9;-0.5;0;0;0
-0.4;1.3;-0.7;26;9.4;-0.5;0;0;0
-0.4;0.7;-1;25.5;9.8;-0.5;0;0;0
0;0.399999;-0.5;25;10;-0.5;0;0;0
0;0;0;24.5;10;-0.5;0;0;0
0;0.9;0.9;24;10;-0.5;0;0;0
0;1.9;1;23.5;10;-0.5;0;0;0
0;2.9;1;23;10;-0.5;0;0;0
0;3.9;1;22.5;10;-0.5;0;0;0
0;4.6;0.7;22;10;-0.5;0;0;0
0;4.5;-0.1;21.5;10;-0.5;0;0;0
0;4;-0.5;21;10;-0.5;0;0;0
0;3;-1;20.5;10;-0.5;0;0;0
0;2.1;-0.9;20;10;-0.5;0;0;0
0;1.1;-1;19.5;10;-0.5;0;0;0
0;0.0999999;-1;19;10;-0.5;0;0;0
0;0;0;18.5;10;-0.5;0;0;0
0;0.6;0.6;18;10;-0.5;0;0;0
0;0.2;-0.4;17.5;10;-0.5;0;0;0
0;0;0;17;10;-0.5;0;0;0
0;0.9;0.9;16.5;10;-0.5;0;0;0
0;1.8;0.9;16;10;-0.5;0;0;0
0;1.7;-0.1;15.5;10;-0.5;0;0;0
0;0.9;-0.8;15;10;-0.5;0;0;1
0.2;-0.2;0;14.5;9.8;-0.5;0;0;0
0.2;-0.4;0;14;9.6;-0.5;0;0;0
0.2;-0.1;0.5;13.5;9.4;-0.5;0;0;0
0.2;-0.3;0;13;9.2;-0.5;0;0;0
0.2;-0.5;0;12.5;9;-0.5;0;0;0
0.2;-0.4;0.3;12;8.8;-0.5;0;0;0
0.2;-1.1;-0.5;11.5;8.6;-0.5;0;0;0
0.2;-1.6;0;11;8.4;-0.5;0;0;0
0.2;-1.1;0.7;10.5;8.2;-0.5;0;0;0
0.2;-0.999999;0.3;10;8;-0.5;0;0;0
0.2;-0.799999;0.4;9.5;7.8;-0.5;0;0;0
0.2;-0.699998;0.3;9;7.6;-0.5;0;0;0
0.2;-0.799998;0.1;8.5;7.4;-0.5;0;0;0
0.2;-0.099998;0.9;8;7.2;-0.5;0;0;0
0.2;0.600002;0.9;7.5;7;-0.5;0;0;0
0.2;1.4;1;7;6.8;-0.5;0;0;1
0.4;2;1;6.5;6.4;-0.5;0;0;0
0.4;2.6;1;6;6;-0.5;0;0;0
0.4;2.9;0.7;5.5;5.6;-0.5;0;0;0
0.4;3.5;1;5;5.2;-0.5;0;0;0
0.4;3.7;0.6;4.5;4.8;-0.5;0;0;0
0.4;4.3;1;4;4.4;-0.5;0;0;0
0.4;4.9;1;3.5;4;-0.5;0;0;0
0.4;5.5;1;3;3.6;-0.5;0;0;0
0.4;6.1;1;2.5;3.2;-0.5;0;0;0
0.4;6.20001;0.5;2;2.8;-0.5;0;0;0
0.4;6.10001;0.3;1.5;2.4;-0.5;0;0;0
0.4;5.80001;0.1;1;2;-0.5;0;0;0
0.4;5.80001;0.4;0.5;1.60001;-0.5;0;0;0
0.4;6.40001;1;1;1.20001;0.5;0.2;0;0
0.4;7.00001;1;1.5;1.00001;0.5;0.2;0;0
0.4;7.10001;0.5;2;0.800006;0.5;0.2;0;0
0.4;6.70001;0;2.5;0.600006;0.5;0.2;0;0
0.4;5.60001;-0.7;3;0.400006;0.5;0.2;0;0
0.4;4.20001;-1;3.5;0.200006;0.5;0.2;0;0
0.4;2.80001;-1;4;6.67572e-06;0.5;0.2;0;0
0.4;1.80001;-0.6;4.5;-0.199993;0.5;0.2;0;0
0.4;1.20001;-0.2;5;-0.399993;0.5;0.2;0;0
0.4;1.50001;0.7;5.5;-0.599993;0.5;0.2;1;0
0.2;2.30001;1;6;-0.599993;0.5;0.2;0;0
0.2;2.20001;0.1;6.5;-0.599993;0.5;0.2;0;0
0.2;2.30001;0.3;7;-0.599993;0.5;0.2;0;0
0.2;3.00001;0.9;7.5;-0.599994;0.5;0.2;0;0
0.2;3.60001;0;8;-0.599995;0.5;0.2;0;0
0.2;2.60001;-0.8;8.5;-0.599996;0.5;0.2;0;0
0.2;2.30001;-0.1;9;-0.599997;0.5;0.2;0;0
0.2;2.30001;0.2;9.5;-0.599997;0.5;0.2;0;0
0.2;1.90001;-0.2;10;-0.599997;0.5;0.2;0;0
0.2;0.900005;-0.8;10.5;-0.599997;0.5;0.2;0;0
0.2;-0.299995;-1;11;-0.599997;0.5;0.2;0;0
0.2;-1.3;-0.8;11.5;-0.599997;0.5;0.2;0;0
0.2;-1.6;-0.1;12;-0.599997;0.5;0.2;0;0
0.2;-2.1;-0.3;12.5;-0.599997;0.5;0.2;0;0
0.2;-3.3;-1;13;-0.599997;0.5;0.2;0;0
0.2;-3.9;-0.4;13.5;-0.599997;0.5;0.2;0;0
0.2;-5.1;-1;14;-0.599997;0.5;0.2;0;0
0.2;-6.1;-0.8;14.5;-0.599997;0.5;0.2;0;0
0.2;-7;-0.7;15;-0.599997;0.5;0.2;0;0
0.2;-7.2;0;15.5;-0.599997;0.5;0.2;0;0
0.2;-8.1;-0.7;16;-0.599997;0.5;0.2;0;0
0.2;-8.8;-0.5;16.5;-0.599997;0.5;0.2;0;0
0;-9.9;-0.9;17;-0.599991;0.5;0.2;0;0
0;-10.9;-1;17.5;-0.39999;0.5;0.2;0;0
0;-11.9;-1;18;-0.199989;0.5;0.2;0;0
0;-12.5;-0.6;18.5;1.14441e-05;0.5;0.2;0;0
0;-12.6;-0.1;19;0.200012;0.5;0.2;0;0
0;-13.6;-1;19.5;0.400013;0.5;0.2;0;0
0;-13.8;-0.2;20;0.600014;0.5;0.2;0;0
0;-13.4;0.4;20.5;0.800014;0.5;0.2;0;0
0;-12.4;1;21;1.00002;0.5;0.2;0;0
0;-12.4;0;21.5;1.20002;0.5;0.2;1;0
-0.2;-11.8;0.4;22;1.60002;0.5;0.2;0;0
-0.2;-10.8;0.8;22.5;2.00002;0.5;0.2;0;0
-0.2;-10.2;0.4;23;2.40002;0.5;0.2;0;0
-0.2;-8.99999;1;23.5;2.80002;0.5;0.2;0;0
-0.2;-7.79999;1;24;3.20002;0.5;0.2;0;0
-0.2;-7.49999;0.1;24.5;3.60003;0.5;0.2;0;0
-0.2;-7.19999;0.1;25;4.00003;0.5;0.2;0;0
-0.2;-6.99999;2.23517e-08;25.5;4.40003;0.5;0.2;0;0
-0.2;-6.49999;0.3;26;4.80001;0.5;-0.2;0;0
-0.2;-5.49999;0.8;26.5;4.80001;0.5;-0.2;0;0
-0.2;-4.29999;1;27;4.80001;0.5;-0.2;0;0
-0.2;-3.09999;1;27.5;4.80001;0.5;-0.2;0;0
-0.2;-1.89999;1;28;4.80001;0.5;-0.2;0;0
-0.2;-0.699986;1;28.5;4.80001;0.5;-0.2;0;0
-0.2;0.500015;1;29;4.80001;0.5;-0.2;0;0
-0.2;1.70002;1;29.5;4.80001;0.5;-0.2;0;0
-0.2;2.90002;1;30;4.80001;0.5;-0.2;0;0
-0.2;3.60001;0;30.5;4.80001;0.5;-0.2;0;1
0;3.60001;0;31;4.60001;0.5;-0.2;0;0
0;2.60001;-1;31.5;4.40001;0.5;-0.2;0;0
0;1.60001;-1;32;4.2;0.5;-0.2;0;0
0;0.600014;-1;32.5;4;0.5;-0.2;0;0
0;-0.399986;-1;33;3.8;0.5;-0.2;0;0
0;-0.999987;-0.6;33.5;3.6;0.5;-0.2;0;0
0;-1.99999;-1;34;3.4;0.5;-0.2;1;0
-0.2;-2.79999;-1;34.5;3.4;0.5;-0.2;0;0
-0.2;-2.69999;-0.1;35;3.4;0.5;-0.2;0;0
-0.2;-3.19999;-0.7;35.5;3.4;0.5;-0.2;0;0
-0.2;-2.89999;0.1;36;3.4;0.5;-0.2;0;0
-0.2;-1.99999;0.7;36.5;3.4;0.5;-0.2;0;0
-0.2;-0.799987;1;37;3.4;0.5;-0.2;0;0
-0.2;-0.299987;0.3;37.5;3.4;0.5;-0.2;0;0
-0.2;0.800013;0.9;38;3.39999;0.5;-0.2;0;0
-0.2;2.00001;1;38.5;3.39999;0.5;-0.2;0;0
-0.2;3.20001;1;39;3.39999;0.5;-0.2;0;0
-0.2;4.40001;1;39.5;3.39999;0.5;-0.2;0;0
-0.2;5.50001;0.9;40;3.39999;0.5;-0.2;0;0
-0.2;6.20001;0;40.5;3.39999;0.5;-0.2;0;0
-0.2;5.60001;-0.8;41;3.39999;0.5;-0.2;0;0
-0.2;4.80001;-1;41.5;3.39999;0.5;-0.2;0;0
-0.2;4.60001;-0.4;42;3.39999;0.5;-0.2;0;0
-0.2;5.10001;0.3;42.5;3.39999;0.5;-0.2;0;0
-0.2;5.80001;0.5;43;3.39999;0.5;-0.2;0;0
-0.2;7.00001;1;43.5;3.39999;0.5;-0.2;0;0
-0.2;7.60001;0;44;3.39999;0.5;-0.2;0;0
-0.2;7.80001;0;44.5;3.39999;0.5;-0.2;0;0
-0.2;8.00001;0;45;3.39999;0.5;-0.2;0;0
-0.2;8.20001;0;45.5;3.39999;0.5;-0.2;0;0
-0.2;8.40001;0;46;3.39999;0.5;-0.2;0;0
-0.2;8.60001;0;46.5;3.39999;0.5;-0.2;0;0
-0.2;8.60001;-0.2;47;3.39999;0.5;-0.2;0;0
-0.2;8.60001;-0.2;47.5;3.39999;0.5;-0.2;0;0
-0.2;9.20001;0;48;3.39999;0.5;-0.2;0;0
-0.2;8.40001;-1;48.5;3.39999;0.5;-0.2;0;0
-0.2;7.60001;-1;49;3.39999;0.5;-0.2;0;0
-0.2;6.80001;-1;49.5;3.39999;0.5;-0.2;0;0
-0.2;6.00001;-1;50;3.39999;0.5;-0.2;0;0
-0.2;5.20001;-1;50.5;3.39999;0.5;-0.2;0;0
-0.2;4.40001;-1;51;3.39999;0.5;-0.2;0;0
-0.2;3.60001;-1;51.5;3.39999;0.5;-0.2;0;0
-0.2;2.80001;-1;52;3.39999;0.5;-0.2;0;0
-0.2;2.70001;-0.3;52.5;3.39999;0.5;-0.2;0;0
-0.2;2.70001;-0.2;53;3.39999;0.5;-0.2;0;0
-0.2;1.90001;-1;53.5;3.39999;0.5;-0.2;0;0
-0.2;1.10001;-1;54;3.39999;0.5;-0.2;0;0
-0.2;0.400007;-0.9;54.5;3.39999;0.5;-0.2;0;0
-0.2;-0.299993;-0.9;55;3.39999;0.5;-0.2;0;0
-0.2;-1.09999;-1;55.5;3.39999;0.5;-0.2;0;0
-0.2;-1.79999;-0.9;56;3.39999;0.5;-0.2;0;0
-0.2;-2.59999;-1;56.5;3.39999;0.5;-0.2;0;0
-0.2;-2.49999;-0.1;57;3.39999;0.5;-0.2;0;0
-0.2;-2.59999;-0.3;57.5;3.39999;0.5;-0.2;0;0
-0.2;-3.09999;-0.7;58;3.39999;0.5;-0.2;0;0
-0.2;-3.39999;-0.5;58.5;3.39999;0.5;-0.2;0;0
-0.2;-3.39999;0;59;3.39999;0.5;-0.2;0;0
-0.2;-3.2;0;59.5;3.39999;0.5;-0.2;0;0
-0.2;-3;0;60;3.39999;0.5;-0.2;0;0
-0.2;-1.9;0.9;60.5;3.39999;0.5;-0.2;0;0
-0.2;-0.899996;0.8;61;3.39999;0.5;-0.2;0;0
-0.2;0.200004;0.9;61.5;3.39999;0.5;-0.2;0;0
-0.2;0.700004;0.3;62;3.39999;0.5;-0.2;0;0
-0.2;1.2;0.3;62.5;3.39999;0.5;-0.2;0;0
-0.2;2.2;0.8;63;3.39999;0.5;-0.2;0;0
-0.2;3.4;1;63.5;3.39999;0.5;-0.2;0;0
-0.2;3.7;0.1;64;3.39999;0.5;-0.2;0;0
-0.2;4.4;0.5;64.5;3.39999;0.5;-0.2;0;0
-0.2;4.8;0.2;65;3.39999;0.5;-0.2;0;0
-0.2;4.9;-0.1;65.5;3.39999;0.5;-0.2;0;0
-0.2;4.3;-0.8;66;3.39999;0.5;-0.2;0;0
-0.2;3.5;-1;66.5;3.39999;0.5;-0.2;0;0
-0.2;2.7;-1;67;3.39999;0.5;-0.2;0;0
0;2.8;-0.1;67.5;3.39998;0.5;-0.2;0;0
0;2;-0.8;68;3.19998;0.5;-0.2;0;0
0;1.5;-0.5;68.5;2.99998;0.5;-0.2;0;0
0;0.9;-0.6;69;2.79998;0.5;-0.2;0;0
0;0;0;69.5;2.59998;0.5;-0.2;0;0
0;0.9;0.9;70;2.39998;0.5;-0.2;0;0
0;1.9;1;70.5;2.19998;0.5;-0.2;0;0
0;2.9;1;71;1.99998;0.5;-0.2;0;0
0;3.9;1;71.5;1.79998;0.5;-0.2;0;0
0;4.9;1;72;1.59999;0.5;-0.2;0;0
0;5.1;0.2;72.5;1.39999;0.5;-0.2;0;0
0;4.5;-0.6;73;1.19999;0.5;-0.2;0;0
0;3.9;-0.6;73.5;0.999985;0.5;-0.2;0;0
0;2.9;-1;74;0.799985;0.5;-0.2;0;0
0;2;-0.9;74.5;0.599985;0.5;-0.2;0;0
0;1;-1;75;0.399985;0.5;-0.2;0;0
0;0.6;-0.4;75.5;0.199985;0.5;-0.2;0;0
0;0;0;76;0;0.5;0.2;0;0
0;0;0;76;0.2;-0.2;0.2;0;0
0;0.9;0.9;75.8;0.4;-0.2;0.2;0;0
0;1.6;0.7;75.6;0.6;-0.2;0.2;0;0
0;2;0.4;75.4;0.8;-0.2;0.2;0;0
0;1.9;-0.1;75.2;1;-0.2;0.2;0;0
0;1.5;-0.4;75;1.2;-0.2;0.2;0;0
0;1.2;-0.3;74.8;1.4;-0.2;0.2;0;0
0;0.5;-0.7;74.6;1.6;-0.2;0.2;0;0
0;0;0;74.4;1.8;-0.2;0.2;0;0
0;0.4;0.4;74.2;2;-0.2;0.2;0;0
0;0.4;0;74;2.2;-0.2;0.2;0;0
0;0.6;0.2;73.8;2.4;-0.2;0.2;0;0
0;0.2;-0.4;73.6;2.6;-0.2;0.2;0;0
0;0;0;73.4;2.8;-0.2;0.2;0;0
0;0;0;73.2;3;-0.2;0.2;0;0
0;0.4;0.4;73;3.2;-0.2;0.2;0;0
0;1.4;1;72.8;3.4;-0.2;0.2;0;0
0;1.8;0.4;72.6001;3.6;-0.2;0.2;0;0
0;2.4;0.6;72.4001;3.8;-0.2;0.2;0;0
0;3.4;1;72.2001;4;-0.2;0.2;0;0
0;3.9;0.5;72.0001;4.2;-0.2;0.2;0;0
0;4.2;0.3;71.8001;4.4;-0.2;0.2;0;0
0;4;-0.2;71.6001;4.6;-0.2;0.2;0;0
0;3;-1;71.4001;4.8;-0.2;0.2;0;0
0;2.5;-0.5;71.2001;5;-0.2;0.2;0;1
0.2;2.7;0.4;71.0001;5;-0.2;0.2;0;0
0.2;3.5;1;70.8001;5;-0.2;0.2;0;0
0.2;4.3;1;70.6001;5;-0.2;0.2;0;0
0.2;4.6;0.5;70.4001;5;-0.2;0.2;0;0
0.2;5.1;0.7;70.2001;5;-0.2;0.2;0;0
0.2;5.5;0.6;70.0001;5;-0.2;0.2;0;0
0.2;5.5;0.2;69.8001;5;-0.2;0.2;0;0
0.2;5.7;0.4;69.6001;5;-0.2;0.2;0;0
0.2;6.5;1;69.4001;5;-0.2;0.2;0;0
0.2;7.3;1;69.2001;5;-0.2;0.2;0;0
0.2;7.7;0.6;69.0001;5;-0.2;0.2;0;0
0.2;8.1;0.6;68.8001;5;-0.2;0.2;0;0
0.2;8.3;0.4;68.6001;5;-0.2;0.2;0;0
0.2;7.6;-0.5;68.4001;5;-0.2;0.2;0;0
0.2;7.8;0.4;68.2001;5;-0.2;0.2;0;0
0.2;7.3;-0.3;68.0001;5;-0.2;0.2;0;0
0.2;6.8;-0.3;67.8001;5;-0.2;0.2;0;0
0.2;5.6;-1;67.6001;5;-0.2;0.2;0;0
0.2;4.5;-0.9;67.4001;5;-0.2;0.2;0;0
0.2;4.1;-0.2;67.2001;5;-0.2;0.2;0;0
0.2;3.8;-0.1;67.0001;5;-0.2;0.2;0;0
0.2;2.8;-0.8;66.8001;5;-0.2;0.2;0;0
0.2;1.6;-1;66.6001;5;-0.2;0.2;0;0
0.2;0.400003;-1;66.4001;5;-0.2;0.2;0;0
0.2;-0.599997;-0.8;66.2001;5;-0.2;0.2;0;0
0.2;-1.2;-0.4;66.0002;5;-0.2;0.2;0;0
0.2;-2.3;-0.9;65.8002;5;-0.2;0.2;0;0
0.2;-3.2;-0.7;65.6002;5;-0.2;0.2;0;0
0.2;-3.9;-0.5;65.4002;5;-0.2;0.2;0;0
0.2;-3.7;0.4;65.2002;5;-0.2;0.2;0;0
0.2;-4.2;-0.3;65.0002;5;-0.2;0.2;0;0
0.2;-5.4;-1;64.8002;5;-0.2;0.2;0;0
0.2;-6.59999;0;64.6002;5;-0.2;0.2;0;0
0.2;-5.89999;0.9;64.4002;5;-0.2;0.2;0;0
0.2;-5.79999;0.3;64.2002;5;-0.2;0.2;0;0
0.2;-5.69999;0.3;64.0002;5;-0.2;0.2;0;0
0.2;-5.19999;0.7;63.8002;5;-0.2;0.2;0;0
0.2;-4.39999;1;63.6002;5;-0.2;0.2;0;0
0.2;-4.59999;0;63.4002;5;-0.2;0.2;0;0
0.2;-4.59999;0.2;63.2002;5;-0.2;0.2;0;0
0.2;-3.99999;0.8;63.0002;5;-0.2;0.2;0;0
0.2;-3.39999;0.8;62.8002;5;-0.2;0.2;0;0
0.2;-2.59999;1;62.6002;5;-0.2;0.2;0;0
0.2;-1.79999;1;62.4002;5;-0.2;0.2;0;0
0.2;-1.89999;0.1;62.2002;5;-0.2;0.2;0;0
0.2;-1.99999;0.1;62.0002;5;-0.2;0.2;0;0
0.2;-3.09999;-0.9;61.8002;5;-0.2;0.2;0;0
0.2;-4.29999;-1;61.6002;5;-0.2;0.2;0;0
0.2;-5.49999;-1;61.4002;5;-0.2;0.2;0;0
0.2;-6.69999;-1;61.2002;5;-0.2;0.2;0;0
0.2;-7.89999;-1;61.0002;5.00001;-0.2;0.2;0;0
0.2;-9.09999;-1;60.8002;5.00001;-0.2;0.2;0;0
0.2;-10.3;-1;60.6002;5.00001;-0.2;0.2;0;0
0.2;-10.8;0;60.4002;5.00001;-0.2;0.2;0;0
0.2;-11;0;60.2002;5.00001;-0.2;0.2;0;0
0.2;-11.2;0;60.0002;5.00001;-0.2;0.2;0;0
0.2;-11.4;0;59.8002;5.00001;-0.2;0.2;0;0
0.2;-11.6;0;59.6002;5.00001;-0.2;0.2;0;0
0.2;-11.8;0;59.4002;5.00001;-0.2;0.2;0;0
0.2;-12;0;59.2002;5.00001;-0.2;0.2;0;0
0.2;-12.1;0.1;59.0002;5.00002;-0.2;0.2;0;0
0.2;-12.4;0;58.8002;5.00002;-0.2;0.2;0;0
0.2;-12.5;0.1;58.6002;5.00002;-0.2;0.2;0;0
0.2;-11.7;1;58.4002;5.00002;-0.2;0.2;0;0
0.2;-10.9;1;58.2002;5.00002;-0.2;0.2;0;0
0.2;-10.4;0.7;58.0002;5.00002;-0.2;0.2;0;0
0.2;-9.59999;1;57.8002;5.00002;-0.2;0.2;0;0
0.2;-9.69999;0.1;57.6002;5.00002;-0.2;0.2;0;0
0.2;-9.99999;-0.1;57.4002;5.00002;-0.2;0.2;0;0
0.2;-9.39999;0.8;57.2002;5.00002;-0.2;0.2;0;0
0.2;-8.59999;1;57.0002;5.00002;-0.2;0.2;0;0
0.2;-7.79999;1;56.8002;5.00002;-0.2;0.2;0;0
0.2;-7.99999;0;56.6002;5.00002;-0.2;0.2;0;0
0.2;-8.59999;-0.4;56.4002;5.00002;-0.2;0.2;0;0
0.2;-9;-0.2;56.2002;5;-0.2;-0.2;1;0
0;-8.39999;0.6;56.0002;4.8;-0.2;-0.2;0;0
0;-7.79999;0.6;55.8002;4.6;-0.2;-0.2;0;0
0;-6.79999;1;55.6002;4.4;-0.2;-0.2;0;0
0;-6.19999;0.6;55.4002;4.2;-0.2;-0.2;0;0
0;-6.09999;0.1;55.2002;4;-0.2;-0.2;0;0
0;-5.19999;0.9;55.0002;3.8;-0.2;-0.2;0;0
0;-4.69999;0.5;54.8002;3.6;-0.2;-0.2;0;0
0;-4.39999;0.3;54.6002;3.4;-0.2;-0.2;0;0
0;-3.89999;0.5;54.4002;3.2;-0.2;-0.2;0;0
0;-3.79999;0.1;54.2002;3;-0.2;-0.2;0;0
0;-2.79999;1;54.0002;2.8;-0.2;-0.2;0;0
0;-2.79999;0;53.8002;2.59999;-0.2;-0.2;0;0
0;-2.09999;0.7;53.6002;2.39999;-0.2;-0.2;0;0
0;-2.09999;0;53.4002;2.19999;-0.2;-0.2;0;0
0;-1.99999;0.1;53.2002;1.99999;-0.2;-0.2;0;0
0;-1.09999;0.9;53.0002;1.79999;-0.2;-0.2;0;0
0;-0.0999947;1;52.8002;1.59999;-0.2;-0.2;0;0
0;0.500006;0.6;52.6002;1.39999;-0.2;-0.2;0;0
0;0.400005;-0.1;52.4002;1.19999;-0.2;-0.2;0;0
0;-0.299995;-0.7;52.2002;0.999989;-0.2;-0.2;0;0
0;-0.299995;0;52.0002;0.799988;-0.2;-0.2;0;0
0;3.8147e-06;0.3;51.8002;0.599987;-0.2;-0.2;0;0
0;-0.699997;-0.7;51.6002;0.399986;-0.2;-0.2;0;0
0;-0.999996;-0.3;51.4002;0.199986;-0.2;-0.2;0;0
0;-0.599997;0.4;51.2002;-1.52588e-05;-0.2;-0.2;0;0
0;0.400003;1;51.0002;-0.200016;-0.2;-0.2;0;0
0;1.3;0.9;50.8002;-0.400017;-0.2;-0.2;0;0
0;2;0;50.6002;-0.600018;-0.2;-0.2;0;0
0;2;0;50.4002;-0.800018;-0.2;-0.2;0;0
0;2;0;50.2001;-1.00002;-0.2;-0.2;0;0
0;2;0;50.0001;-1.20002;-0.2;-0.2;0;0
0;1.6;-0.4;49.8001;-1.40002;-0.2;-0.2;0;0
0;0.800005;-0.8;49.6001;-1.60002;-0.2;-0.2;0;0
0;0.600004;-0.2;49.4001;-1.80002;-0.2;-0.2;0;0
0;0.300005;-0.3;49.2001;-2.00002;-0.2;-0.2;0;0
0;-0.0999947;-0.4;49.0001;-2.20002;-0.2;-0.2;0;0
0;5.72205e-06;0.1;48.8001;-2.40002;-0.2;-0.2;0;0
0;0.400005;0.4;48.6001;-2.60002;-0.2;-0.2;0;0
0;1.40001;1;48.4001;-2.80002;-0.2;-0.2;0;0
0;2;0;48.2001;-3.00002;-0.2;-0.2;0;0
0;1;-1;48.0001;-3.20002;-0.2;-0.2;1;0
-0.2;0.200005;-1;47.8001;-3.20002;-0.2;-0.2;0;0
-0.2;-0.599995;-1;47.6001;-3.20002;-0.2;-0.2;0;0
-0.2;-1.39999;-1;47.4001;-3.20002;-0.2;-0.2;0;0
-0.2;-1.59999;-0.4;47.2001;-3.20002;-0.2;-0.2;0;0
-0.2;-2.39999;-1;47.0001;-3.20002;-0.2;-0.2;0;0
-0.2;-3.19999;-1;46.8001;-3.20002;-0.2;-0.2;0;0
-0.2;-3.99999;-1;46.6001;-3.20001;-0.2;-0.2;0;0
-0.2;-4.79999;-1;46.4001;-3.20001;-0.2;-0.2;0;0
-0.2;-4.69999;-0.1;46.2001;-3.20001;-0.2;-0.2;0;0
-0.2;-4.99999;-0.5;46.0001;-3.20001;-0.2;-0.2;0;0
-0.2;-4.99999;-0.2;45.8001;-3.20001;-0.2;-0.2;0;0
-0.2;-5.69999;-0.9;45.6001;-3.20001;-0.2;-0.2;0;0
-0.2;-6.49999;-1;45.4001;-3.20001;-0.2;-0.2;0;0
-0.2;-6.89999;-0.6;45.2001;-3.20001;-0.2;-0.2;0;0
-0.2;-7.29999;-0.6;45.0001;-3.20001;-0.2;-0.2;0;0
-0.2;-7.79999;-0.7;44.8001;-3.20001;-0.2;-0.2;0;0
-0.2;-7.79999;-0.2;44.6001;-3.20001;-0.2;-0.2;0;0
-0.2;-7.19999;0.4;44.4001;-3.20001;-0.2;-0.2;0;0
-0.2;-7.39999;-0.4;44.2001;-3.20001;-0.2;-0.2;0;0
-0.2;-7.49999;-0.3;44.0001;-3.20001;-0.2;-0.2;0;0
-0.2;-8.29999;-1;43.8001;-3.20001;-0.2;-0.2;0;0
-0.2;-8.39999;-0.3;43.6001;-3.20001;-0.2;-0.2;0;0
-0.2;-9.19999;-1;43.4001;-3.20001;-0.2;-0.2;0;0
-0.2;-9.99999;-1;43.2001;-3.20001;-0.2;-0.2;0;0
-0.2;-9.99999;0;43.0001;-3.20001;-0.2;-0.2;0;0
-0.2;-9.79999;0;42.8001;-3.20001;-0.2;-0.2;0;0
-0.2;-9.29999;0.3;42.6001;-3.20001;-0.2;-0.2;0;0
-0.2;-8.99999;0.1;42.4001;-3.20001;-0.2;-0.2;0;0
-0.2;-8.89999;-0.1;42.2001;-3.20001;-0.2;-0.2;0;0
-0.2;-8.99999;0;42.0001;-3.20001;-0.2;-0.2;0;0
-0.2;-8.19999;0.6;41.8001;-3.20001;-0.2;-0.2;0;0
-0.2;-7.79999;0.2;41.6001;-3.20001;-0.2;-0.2;0;0
-0.2;-8.39999;-0.8;41.4001;-3.20001;-0.2;-0.2;0;0
-0.2;-8.19999;0;41.2001;-3.20001;-0.2;-0.2;0;0
-0.2;-7.79999;0.2;41.0001;-3.20001;-0.2;-0.2;0;0
-0.2;-7.39999;0.2;40.8001;-3.20001;-0.2;-0.2;0;1
0;-6.89999;0.5;40.6001;-3.40001;-0.2;-0.2;0;0
0;-7.39999;-0.5;40.4001;-3.60001;-0.2;-0.2;0;0
0;-7.59999;-0.2;40.2001;-3.80001;-0.2;-0.2;0;0
0;-7.39999;0.2;40.0001;-4.00001;-0.2;-0.2;0;0
0;-7.79999;-0.4;39.8001;-4.20001;-0.2;-0.2;0;0
0;-7.79999;0;39.6001;-4.40001;-0.2;-0.2;0;0
0;-7.69999;0.1;39.4001;-4.60001;-0.2;-0.2;0;0
0;-7.29999;0.4;39.2001;-4.80001;-0.2;-0.2;0;0
0;-7.39999;-0.1;39.0001;-5.00001;-0.2;-0.2;0;0
0;-7.79999;0;38.8001;-5.20001;-0.2;-0.2;0;0
0;-7.79999;0;38.6001;-5.40001;-0.2;-0.2;0;0
0;-7.09999;0.7;38.4001;-5.60001;-0.2;-0.2;0;0
0;-6.09999;1;38.2001;-5.80001;-0.2;-0.2;0;0
0;-5.19999;0.9;38.0001;-6.00001;-0.2;-0.2;0;0
0;-4.59999;0.6;37.8001;-6.20001;-0.2;-0.2;0;0
0;-3.89999;0.7;37.6001;-6.40001;-0.2;-0.2;0;0
0;-3.09999;0.8;37.4001;-6.60001;-0.2;-0.2;0;0
0;-2.59999;0.5;37.2001;-6.80001;-0.2;-0.2;0;0
0;-1.59999;1;37.0001;-7.00001;-0.2;-0.2;0;0
0;-0.599995;1;36.8001;-7.20001;-0.2;-0.2;0;0
0;-0.599995;0;36.6001;-7.40001;-0.2;-0.2;0;0
0;-0.499994;0.1;36.4001;-7.60001;-0.2;-0.2;0;0
0;0.400005;0.9;36.2001;-7.79999;-0.2;0.2;0;0
0;1.40001;1;36.0001;-7.59999;-0.2;0.2;0;0
0;1.8;0.4;35.8001;-7.39999;-0.2;0.2;0;0
0;2.8;1;35.6001;-7.19999;-0.2;0.2;0;0
0;3.5;0.7;35.4001;-6.99999;-0.2;0.2;0;0
0;4.5;1;35.2001;-6.79999;-0.2;0.2;0;0
0;5.5;1;35.0001;-6.59999;-0.2;0.2;0;0
0;6.5;1;34.8001;-6.39999;-0.2;0.2;0;0
0;7.4;0.9;34.6001;-6.2;-0.2;0.2;0;0
0;8.3;0.9;34.4001;-6;-0.2;0.2;0;0
0;8.9;0.6;34.2001;-5.8;-0.2;0.2;0;0
0;9.20001;0;34.0001;-5.6;-0.2;0.2;0;0
0;8.40001;-0.8;33.8001;-5.4;-0.2;0.2;0;0
0;7.40001;-1;33.6001;-5.2;-0.2;0.2;0;0
0;6.90001;-0.5;33.4001;-5;-0.2;0.2;0;0
0;6.00001;-0.9;33.2001;-4.8;-0.2;0.2;0;0
0;5.70001;-0.3;33.0001;-4.6;-0.2;0.2;0;0
0;4.70001;-1;32.8001;-4.4;-0.2;0.2;0;0
0;3.70001;-1;32.6001;-4.2;-0.2;0.2;0;0
0;2.70001;-1;32.4001;-4;-0.2;0.2;0;0
0;1.70001;-1;32.2001;-3.8;-0.2;0.2;0;0
0;0.700007;-1;32.0001;-3.6;-0.2;0.2;0;0
0;0.400007;-0.3;31.8001;-3.4;-0.2;0.2;0;0
0;-0.199993;-0.6;31.6001;-3.2;-0.2;0.2;0;0
0;-0.999993;-0.8;31.4001;-3;-0.2;0.2;0;0
0;-1.79999;-0.8;31.2001;-2.8;-0.2;0.2;0;0
0;-1.79999;0;31.0001;-2.6;-0.2;0.2;0;0
0;-2.49999;-0.7;30.8001;-2.4;-0.2;0.2;0;0
0;-3.49999;-1;30.6001;-2.2;-0.2;0.2;0;0
0;-3.89999;-0.4;30.4001;-2;-0.2;0.2;0;0
0;-4.89999;-1;30.2001;-1.8;-0.2;0.2;0;0
0;-5.69999;-0.8;30.0001;-1.6;-0.2;0.2;0;0
0;-5.99999;-0.3;29.8001;-1.4;-0.2;0.2;0;0
0;-6.99999;-1;29.6001;-1.2;-0.2;0.2;0;0
0;-7.79999;0;29.4001;-1;-0.2;0.2;0;0
0;-7.29999;0.5;29.2001;-0.8;-0.2;0.2;0;0
0;-7.79999;-0.5;29.0001;-0.6;-0.2;0.2;0;0
0;-7.69999;0.1;28.8001;-0.400001;-0.2;0.2;0;0
0;-7.29999;0.4;28.6001;-0.200001;-0.2;0.2;0;0
0;-7.19999;0.1;28.4001;-9.53674e-07;-0.2;0.2;0;0
0;-6.79999;0.4;28.2001;0.199999;-0.2;0.2;0;0
0;-7.29999;-0.5;28.0001;0.399999;-0.2;0.2;0;0
0;-7.79999;0;27.8001;0.599998;-0.2;0.2;0;0
0;-7.79999;0;27.6001;0.799998;-0.2;0.2;0;0
0;-7.79999;0;27.4001;0.999998;-0.2;0.2;0;0
0;-7.79999;0;27.2001;1.2;-0.2;0.2;0;0
0;-7.79999;0;27.0001;1.4;-0.2;0.2;0;0
0;-7.79999;0;26.8001;1.6;-0.2;0.2;0;0
0;-6.89999;0.9;26.6001;1.8;-0.2;0.2;0;0
0;-6.79999;0.1;26.4001;2;-0.2;0.2;0;0
0;-7.59999;-0.8;26.2001;2.2;-0.2;0.2;0;0
0;-7.79999;0;26.0001;2.4;-0.2;0.2;0;0
0;-6.99999;0.8;25.8001;2.6;-0.2;0.2;0;0
0;-6.99999;0;25.6001;2.8;-0.2;0.2;0;0
0;-6.49999;0.5;25.4001;3;-0.2;0.2;0;0
0;-5.99999;0.5;25.2001;3.2;-0.2;0.2;0;0
0;-5.39999;0.6;25.0001;3.4;-0.2;0.2;0;0
0;-5.49999;-0.1;24.8001;3.6;-0.2;0.2;0;0
0;-6.49999;-1;24.6001;3.8;-0.2;0.2;0;0
0;-7.49999;-1;24.4001;4;-0.2;0.2;0;0
0;-7.79999;0;24.2001;4.2;-0.2;0.2;0;0
0;-7.79999;0;24;4.39999;-0.2;0.2;0;0
0;-6.99999;0.8;23.8;4.59999;-0.2;0.2;0;0
0;-5.99999;1;23.6;4.79999;-0.2;0.2;0;0
0;-4.99999;1;23.4;4.99999;-0.2;0.2;0;0
0;-3.99999;1;23.2;5.19999;-0.2;0.2;0;0
0;-3.39999;0.6;23;5.39999;-0.2;0.2;0;0
0;-2.49999;0.9;22.8;5.6;-0.2;0.2;0;0
0;-2.09999;0.4;22.6;5.8;-0.2;0.2;0;0
0;-2.59999;-0.5;22.4;6;-0.2;0.2;0;0
0;-3.19999;-0.6;22.2;6.2;-0.2;0.2;0;0
0;-4.19999;-1;22;6.4;-0.2;0.2;0;0
0;-5.19999;-1;21.8;6.6;-0.2;0.2;0;0
0;-5.89999;-0.7;21.6;6.8;-0.2;0.2;0;0
0;-5.99999;-0.1;21.4;7;-0.2;0.2;0;0
0;-6.09999;-0.1;21.2;7.2;-0.2;0.2;0;0
0;-6.09999;3.72529e-08;21;7.4;-0.2;0.2;0;0
0;-6.29999;-0.2;20.8;7.6;-0.2;0.2;0;0
0;-6.89999;-0.6;20.6;7.8;-0.2;0.2;0;0
0;-6.69999;0.2;20.4;8;-0.2;0.2;0;0
0;-6.49999;0.2;20.2;8.20001;-0.2;0.2;0;0
0;-6.79999;-0.3;20;8.40001;-0.2;0.2;0;0
0;-7.39999;-0.6;19.8;8.60001;-0.2;0.2;0;0
0;-7.79999;0;19.6;8.80001;-0.2;0.2;0;0
0;-6.99999;0.8;19.4;9.00001;-0.2;0.2;0;0
0;-6.69999;0.3;19.2;9.20001;-0.2;0.2;0;0
0;-7.19999;-0.5;19;9.40001;-0.2;0.2;0;0
0;-7.49999;-0.3;18.8;9.60001;-0.2;0.2;0;0
0;-7.79999;0;18.6;9.80001;-0.2;0.2;0;0
0;-7.79999;0;18.4;10;-0.2;0.2;0;0
0;-7.09999;0.7;18.2;10.2;-0.2;0.2;0;0
0;-6.09999;1;18;10.4;-0.2;0.2;0;0
0;-5.09999;1;17.8;10.6;-0.2;0.2;0;0
0;-4.09999;1;17.6;10.8;-0.2;0.2;0;0
0;-3.09999;1;17.4;11;-0.2;0.2;0;0
0;-2.89999;0.2;17.2;11.2;-0.2;0.2;0;0
0;-2.39999;0.5;17;11.4;-0.2;0.2;0;0
0;-2.59999;-0.2;16.8;11.6;-0.2;0.2;0;0
0;-2.79999;-0.2;16.6;11.8;-0.2;0.2;0;0
0;-3.49999;-0.7;16.4;12;-0.2;0.2;0;0
0;-4.49999;-1;16.2;12.2;-0.2;-0.2;0;0
0;-5.49999;-1;16;12;-0.2;-0.2;0;0
0;-6.49999;-1;15.8;11.8;-0.2;-0.2;0;0
0;-7.49999;-1;15.6;11.6;-0.2;-0.2;0;0
0;-7.79999;0;15.4;11.4;-0.2;-0.2;0;0
0;-7.79999;0;15.2;11.2;-0.2;-0.2;0;0
0;-7.79999;0;15;11;-0.2;-0.2;0;0
0;-7.79999;0;14.8;10.8;-0.2;-0.2;0;0
0;-6.99999;0.8;14.6;10.6;-0.2;-0.2;0;0
0;-5.99999;1;14.4;10.4;-0.2;-0.2;0;0
0;-5.79999;0.2;14.2;10.2;-0.2;-0.2;0;0
0;-6.09999;-0.3;14;10;-0.2;-0.2;0;0
0;-5.99999;0.1;13.8;9.8;-0.2;-0.2;0;0
0;-6.09999;-0.1;13.6;9.6;-0.2;-0.2;0;0
0;-6.99999;-0.9;13.4;9.39999;-0.2;-0.2;0;0
0;-7.79999;0;13.2;9.19999;-0.2;-0.2;0;0
0;-7.79999;0;13;8.99999;-0.2;-0.2;0;0
0;-7.09999;0.7;12.8;8.79999;-0.2;-0.2;0;0
0;-7.19999;-0.1;12.6;8.59999;-0.2;-0.2;0;0
0;-7.49999;-0.3;12.4;8.39999;-0.2;-0.2;0;0
0;-7.79999;0;12.2;8.19999;-0.2;-0.2;0;0
0;-7.79999;0;12;7.99999;-0.2;-0.2;0;0
0;-7.69999;0.1;11.8;7.79999;-0.2;-0.2;0;0
0;-6.99999;0.7;11.6;7.59999;-0.2;-0.2;0;0
0;-5.99999;1;11.4;7.39999;-0.2;-0.2;0;0
0;-4.99999;1;11.2;7.19999;-0.2;-0.2;0;0
0;-4.79999;0.2;11;6.99999;-0.2;-0.2;0;0
0;-4.79999;-1.49012e-08;10.8;6.79998;-0.2;-0.2;0;0
0;-4.09999;0.7;10.6;6.59998;-0.2;-0.2;0;0
0;-4.39999;-0.3;10.4;6.39998;-0.2;-0.2;0;0
0;-4.29999;0.1;10.2;6.19998;-0.2;-0.2;0;0
0;-3.79999;0.5;10;5.99998;-0.2;-0.2;0;0
0;-4.1;-0.3;9.80002;5.79998;-0.2;-0.2;0;0
0;-4.5;-0.4;9.60002;5.59998;-0.2;-0.2;0;0
0;-4.4;0.1;9.40002;5.39998;-0.2;-0.2;0;0
0;-4.9;-0.5;9.20002;5.19998;-0.2;-0.2;0;0
0;-4.5;0.4;9.00002;4.99998;-0.2;-0.2;0;0
0;-3.7;0.8;8.80002;4.79998;-0.2;-0.2;0;0
0;-2.7;1;8.60002;4.59998;-0.2;-0.2;0;0
0;-1.7;1;8.40002;4.39998;-0.2;-0.2;0;0
0;-0.699995;1;8.20002;4.19998;-0.2;-0.2;0;0
0;-0.399995;0.3;8.00002;3.99998;-0.2;-0.2;0;0
0;-0.999995;-0.6;7.80002;3.79998;-0.2;-0.2;0;0
0;-1.7;-0.7;7.60002;3.59998;-0.2;-0.2;0;0
0;-2.7;-1;7.40002;3.39998;-0.2;-0.2;0;0
0;-3.7;-1;7.20002;3.19998;-0.2;-0.2;0;0
0;-4.7;-1;7.00002;2.99998;-0.2;-0.2;0;0
0;-5.7;-1;6.80002;2.79998;-0.2;-0.2;0;0
0;-5.79999;-0.1;6.60002;2.59998;-0.2;-0.2;0;0
0;-5.2;0.6;6.40002;2.39998;-0.2;-0.2;0;0
0;-4.2;1;6.20002;2.19998;-0.2;-0.2;0;0
0;-3.2;1;6.00002;1.99998;-0.2;-0.2;0;0
0;-2.2;1;5.80002;1.79998;-0.2;-0.2;0;0
0;-1.2;1;5.60002;1.59998;-0.2;-0.2;0;0
0;-0.199995;1;5.40002;1.39998;-0.2;-0.2;0;0
0;-0.0999947;0.1;5.20002;1.19998;-0.2;-0.2;0;0
0;0.300005;0.4;5.00002;0.999984;-0.2;-0.2;0;0
0;0.400005;0.1;4.80002;0.799984;-0.2;-0.2;0;0
0;1.40001;1;4.60003;0.599984;-0.2;-0.2;0;0
0;2.40001;1;4.40003;0.399984;-0.2;-0.2;0;0
0;3.40001;1;4.20003;0.199985;-0.2;-0.2;1;0
-0.2;4.3;0.7;4.00003;0.199985;-0.2;-0.2;0;0
-0.2;4.8;0.3;3.80003;0.199985;-0.2;-0.2;0;0
-0.2;5;-2.98023e-08;3.60003;0.199985;-0.2;-0.2;0;0
-0.2;4.8;-0.4;3.40003;0.199985;-0.2;-0.2;0;0
-0.2;5.10001;0.1;3.20003;0.199985;-0.2;-0.2;0;0
-0.2;6.10001;0.8;3.00003;0.199985;-0.2;-0.2;0;0
-0.2;7.3;1;2.80003;0.199985;-0.2;-0.2;0;0
-0.2;8.5;1;2.60003;0.199985;-0.2;-0.2;0;0
-0.2;9.7;1;2.40003;0.199985;-0.2;-0.2;0;0
-0.2;10.9;1;2.20003;0.199985;-0.2;-0.2;0;0
-0.2;11.4;0;2.00003;0.199985;-0.2;-0.2;0;0
-0.2;11.6;0;1.80003;0.199985;-0.2;-0.2;0;0
-0.2;11.6;-0.2;1.60003;0.199985;-0.2;-0.2;0;0
-0.2;11.7;-0.1;1.40003;0.199985;-0.2;-0.2;0;0
-0.2;11;-0.9;1.20003;0.199985;-0.2;-0.2;0;0
-0.2;10.2;-1;1.00003;0.199985;-0.2;-0.2;0;0
-0.2;10;-0.4;0.800026;0.199985;-0.2;-0.2;0;0
-0.2;9.7;-0.5;0.600026;0.199985;-0.2;-0.2;0;0
-0.2;8.9;-1;1;0.199985;0.690004;-0.3;0;0
-0.2;8.2;-0.9;1.69;0.0999842;0.690004;-0.3;0;0
-0.2;7.4;-1;2.38001;-1.62125e-05;0.690004;-0.3;0;0
-0.2;7.3;-0.3;3.07001;-0.100017;0.690004;-0.3;0;0
-0.2;7;-0.5;3.76002;-0.200017;0.690004;-0.3;0;0
-0.2;7.3;0.1;4.45002;-0.300017;0.690004;-0.3;0;0
-0.2;6.7;-0.8;5.14002;-0.400018;0.690004;-0.3;0;0
-0.2;6;-0.9;5.83003;-0.500018;0.690004;-0.3;0;0
-0.2;5.9;-0.3;6.52003;-0.600019;0.690004;-0.3;0;0
-0.2;5.1;-1;7.21004;-0.700019;0.690004;-0.3;0;0
-0.2;4.3;-1;7.90004;-0.800019;0.690004;-0.3;0;0
-0.2;3.5;-1;8.59004;-0.900019;0.690004;-0.3;0;0
-0.2;2.7;-1;9.28005;-1.00002;0.690004;-0.3;0;0
-0.2;1.9;-1;9.97005;-1.10002;0.690004;-0.3;0;0
-0.2;1.6;-0.5;10.6601;-1.2;0.690004;0.3;0;0
-0.2;0.899999;-0.9;11.3501;-0.700001;0.690004;0.3;0;0
-0.2;0.0999992;-1;12.0401;-0.200001;0.690004;0.3;0;0
-0.2;-0.600001;0;12.7301;0.299999;0.690004;0.3;0;1
0;-0.600001;0;13.4201;0.599999;0.690004;0.3;0;0
0;-0.600001;0;14.1101;0.899999;0.690004;0.3;0;0
0;-0.300001;0.3;14.8001;1.2;0.690004;0.3;0;0
0;-0.600001;0;15.4901;1.5;0.690004;0.3;0;0
0;-0.600001;0;16.1801;1.8;0.690004;0.3;0;0
0;-0.200001;0.4;16.8701;2.1;0.690004;0.3;0;0
0;0.799999;1;17.5601;2.4;0.690004;0.3;0;0
0;1.2;0.4;18.2501;2.7;0.690004;0.3;0;0
0;1.5;0.3;18.9401;3;0.690004;0.3;0;0
0;0.8;-0.7;19.6301;3.3;0.690004;0.3;0;0
0;1;0.2;20.3201;3.6;0.690004;0.3;0;0
0;1.7;0.7;21.0101;3.9;0.690004;0.3;0;0
0;2.4;0.7;21.7001;4.2;0.690004;0.3;0;0
0;2.7;0.3;22.3901;4.5;0.690004;0.3;0;0
0;2.2;-0.5;23.0801;4.8;0.690004;0.3;0;0
0;2.5;0.3;23.7701;5.1;0.690004;0.3;0;0
0;3.5;1;24.4601;5.4;0.690004;0.3;0;0
0;4.5;1;25.1501;5.7;0.690004;0.3;0;0
0;5.5;1;25.8402;6;0.690004;0.3;0;0
0;6.5;1;26.5302;6.3;0.690004;0.3;0;0
0;7;0.5;27.2202;6.6;0.690004;0.3;0;0
0;8;1;27.9102;6.9;0.690004;0.3;0;0
0;9;1;28.6002;7.2;0.690004;0.3;0;0
0;9.5;0.5;29.2902;7.5;0.690004;0.3;0;0
0;10;0.5;29.9802;7.8;0.690004;0.3;0;0
0;10.7;0.7;30.6702;8.1;0.690004;0.3;0;0
0;11.1;0.4;31.3602;8.4;0.690004;0.3;0;0
0;12.1;1;32.0502;8.7;0.690004;0.3;0;0
0;12.2;0.1;32.7402;9;0.690004;0.3;0;0
0;11.3;-0.9;33.4302;9.3;0.690004;0.3;0;0
0;10.3;-1;34.1202;9.6;0.690004;0.3;0;0
0;9.3;-1;34.8102;9.90001;0.690004;0.3;0;0
0;8.9;-0.4;35.5002;10.2;0.690004;0.3;0;0
0;9.3;0.4;36.1902;10.5;0.690004;0.3;0;0
0;10.1;0.8;36.8802;10.8;0.690004;0.3;0;0
0;10.6;0.5;37.5702;11.1;0.690004;0.3;0;0
0;10.8;0.2;38.2602;11.4;0.690004;0.3;0;0
0;10.1;-0.7;38.9502;11.7;0.690004;0.3;0;0
0;9.1;-1;39.6402;12;0.690004;0.3;0;0
0;8.1;-1;40.3302;12.3;0.690004;0.3;0;0
0;7.6;-0.5;41.0202;12.6;0.690004;0.3;0;0
0;7.2;-0.4;41.7102;12.9;0.690004;0.3;0;0
0;7;-0.2;42.4002;13.2;0.690004;0.3;0;0
0;7.1;0.1;43.0902;13.5;0.690004;0.3;0;0
0;6.4;-0.7;43.7802;13.8;0.690004;0.3;0;0
0;5.5;-0.9;44.4702;14.1;0.690004;0.3;0;0
0;4.7;-0.8;45.1602;14.4;0.690004;0.3;0;0
0;3.9;-0.8;45.8502;14.7;0.690004;0.3;0;0
0;2.9;-1;46.5402;15;0.690004;0.3;0;1
0.2;1.7;-1;47.2302;15.1;0.690004;0.3;0;0
0.2;0.5;-1;47.9202;15.2;0.690004;0.3;0;0
0.2;-0.3;-0.6;48.6102;15.3;0.690004;0.3;0;0
0.2;-0.5;0;49.3003;15.4;0.690004;0.3;0;0
0.2;-1.5;-0.8;49.9903;15.5;0.690004;0.3;0;0
0.2;-1.8;0;50.6803;15.6;0.690004;0.3;0;0
0.2;-1.7;0.3;51.3703;15.7;0.690004;0.3;0;0
0.2;-1.9;0;52.0603;15.8;0.690004;0.3;0;0
0.2;-1.4;0.7;52.7503;15.9;0.690004;0.3;0;0
0.2;-1.5;0.1;53.4403;16;0.690004;0.3;0;0
0.2;-2.2;-0.5;54.1303;16.1;0.690004;0.3;0;0
0.2;-3;0;54.8203;16.2;0.690004;0.3;0;0
0.2;-2.8;0.4;55.5103;16.3;0.690004;0.3;0;0
0.2;-3.4;0;56.2003;16.4;0.690004;0.3;0;0
0.2;-3.6;0;56.8903;16.4;0.690004;-0.3;0;0
0.2;-3.8;0;57.5803;15.9;0.690004;-0.3;0;0
0.2;-4;0;58.2703;15.4;0.690004;-0.3;0;0
0.2;-4.2;0;58.9603;14.9;0.690004;-0.3;0;0
0.2;-4.4;0;59.6503;14.4;0.690004;-0.3;0;0
0.2;-4.6;0;60.3403;13.9;0.690004;-0.3;0;0
0.2;-4.8;0;61.0303;13.4;0.690004;-0.3;0;0
0.2;-4.5;0.5;61.7203;12.9;0.690004;-0.3;0;0
0.2;-4.4;0.3;62.4103;12.4;0.690004;-0.3;0;0
0.2;-4.3;0.3;63.1003;11.9;0.690004;-0.3;0;0
0.2;-4.6;-0.1;63.7903;11.4;0.690004;-0.3;0;0
0.2;-5.2;-0.4;64.4803;10.9;0.690004;-0.3;0;0
0.2;-6;0;65.1703;10.4;0.690004;-0.3;0;0
0.2;-6.2;0;65.8603;9.90001;0.690004;-0.3;0;0
0.2;-6.4;0;66.5503;9.40001;0.690004;-0.3;0;0
0.2;-6.1;0.5;67.2403;8.90002;0.690004;-0.3;0;0
0.2;-5.3;1;67.9303;8.40002;0.690004;-0.3;0;0
0.2;-4.5;1;68.6203;7.90002;0.690004;-0.3;0;0
0.2;-3.7;1;69.3103;7.40002;0.690004;-0.3;0;0
0.2;-2.89999;1;70.0003;6.90002;0.690004;-0.3;0;0
0.2;-2.09999;1;70.6903;6.40002;0.690004;-0.3;0;0
0.2;-1.49999;0.8;71.3803;5.90002;0.690004;-0.3;0;0
0.2;-1.79999;-0.1;72.0703;5.40002;0.690004;-0.3;0;0
0.2;-2.99999;-1;72.7603;4.90002;0.690004;-0.3;0;0
0.2;-4.09999;-0.9;73.4503;4.40002;0.690004;-0.3;0;0
0.2;-4.79999;-0.5;74.1403;3.90002;0.690004;-0.3;0;0
0.2;-5.99999;-1;74.8303;3.40002;0.690004;-0.3;1;0
0;-6.99999;-1;75.5203;3.10002;0.690004;-0.3;0;0
0;-7.99999;-1;76.2104;2.80002;0.690004;-0.3;0;0
0;-8.49999;-0.5;76.9004;2.50002;0.690004;-0.3;0;0
0;-8.69999;-0.2;77.5904;2.20002;0.690004;-0.3;0;0
0;-8.29999;0;38;1.20001;0.5;0;0;0
0;-8.79999;0;38.5;1.20001;0.5;0;0;0
0;-8.79999;0;39;1.20001;0.5;0;0;0
0;-8.79999;0;39.5;1.20001;0.5;0;0;0
0;-8.79999;0;40;1.20001;0.5;0;0;0
0;-8.79999;0;40.5;1.20001;0.5;0;0;0
0;-8.09999;0.7;41;1.20001;0.5;0;0;0
0;-7.09999;1;41.5;1.20001;0.5;0;0;0
0;-6.29999;0.8;42;1.20001;0.5;0;0;0
0;-5.59999;0.7;42.5;1.20001;0.5;0;0;0
0;-4.79999;0.8;43;1.20001;0.5;0;0;0
0;-4.19999;0.6;43.5;1.20001;0.5;0;0;0
0;-3.19999;1;44;1.20001;0.5;0;0;0
0;-2.39999;0.8;44.5;1.20001;0.5;0;0;0
0;-2.39999;0;45;1.20001;0.5;0;0;0
0;-3.09999;-0.7;45.5;1.20001;0.5;0;0;0
0;-2.89999;0.2;46;1.20001;0.5;0;0;0
0;-3.19999;-0.3;46.5;1.20001;0.5;0;0;0
0;-4.19999;-1;47;1.20001;0.5;0;0;0
0;-4.99999;-0.8;47.5;1.20001;0.5;0;0;0
0;-5.09999;-0.1;48;1.20001;0.5;0;0;0
0;-5.09999;-2.23517e-08;48.5;1.20001;0.5;0;0;0
0;-5.09999;-2.23517e-08;49;1.20001;0.5;0;0;0
0;-4.39999;0.7;49.5;1.20001;0.5;0;0;0
0;-3.39999;1;50;1.20001;0.5;0;0;0
0;-2.39999;1;50.5;1.20001;0.5;0;0;0
0;-1.59999;0.8;51;1.20001;0.5;0;0;0
0;-1.69999;-0.1;51.5;1.20001;0.5;0;0;0
0;-2.29999;-0.6;52;1.20001;0.5;0;0;0
0;-3.29999;-1;52.5;1.20001;0.5;0;0;0
0;-3.99999;-0.7;53;1.20001;0.5;0;0;0
0;-3.89999;0.1;53.5;1.20001;0.5;0;0;0
0;-4.49999;-0.6;54;1.20001;0.5;0;0;0
0;-5.09999;-0.6;54.5;1.20001;0.5;0;0;0
0;-5.79999;-0.7;55;1.20001;0.5;0;0;0
0;-6.79999;-1;55.5;1.20001;0.5;0;0;0
0;-7.59999;-0.8;56;1.20001;0.5;0;0;0
0;-8.09999;-0.5;56.5;1.20001;0.5;0;0;0
0;-8.79999;0;57;1.20001;0.5;0;0;0
0;-8.79999;0;57.5;1.20001;0.5;0;0;0
0;-8.79999;0;58;1.20001;0.5;0;0;0
0;-8.79999;0;58.5;1.20001;0.5;0;0;0
0;-8.09999;0.7;59;1.20001;0.5;0;0;0
0;-8.29999;-0.2;59.5;1.20001;0.5;0;0;0
0;-8.79999;0;60;1.20001;0.5;0;0;0
0;-8.39999;0.4;60.5;1.20001;0.5;0;0;0
0;-7.39999;1;61;1.20001;0.5;0;0;0
0;-6.39999;1;61.5;1.20001;0.5;0;0;0
0;-5.39999;1;62;1.20001;0.5;0;0;0
0;-4.39999;1;62.5;1.20001;0.5;0;0;0
0;-3.39999;1;63;1.20001;0.5;0;0;0
0;-2.79999;0.6;63.5;1.20001;0.5;0;0;0
0;-1.79999;1;64;1.20001;0.5;0;0;0
0;-1.29999;0.5;64.5;1.20001;0.5;0;0;0
0;-1.69999;-0.4;65;1.20001;0.5;0;0;0
0;-1.99999;-0.3;65.5;1.20001;0.5;0;0;0
0;-2.49999;-0.5;66;1.20001;0.5;0;0;0
0;-3.39999;-0.9;66.5;1.20001;0.5;0;0;0
0;-3.79999;-0.4;67;1.20001;0.5;0;0;0
0;-4.79999;-1;67.5;1.20001;0.5;0;0;0
0;-5.79999;-1;68;1.20001;0.5;0;0;0
0;-6.79999;-1;68.5;1.20001;0.5;0;0;0
0;-7.49999;-0.7;69;1.20001;0.5;0;0;0
0;-8.49999;-1;69.5;1.20001;0.5;0;0;0
0;-8.79999;0;70;1.20001;0.5;0;0;0
0;-8.79999;0;70.5;1.20001;0.5;0;0;0
0;-8.39999;0.4;71;1.20001;0.5;0;0;0
0;-8.39999;0;71.5;1.20001;0.5;0;0;0
0;-8.79999;0;72;1.20001;0.5;0;0;0
0;-8.79999;0;72.5;1.20001;0.5;0;0;0
0;-8.79999;0;73;1.20001;0.5;0;0;0
0;-8.79999;0;73.5;1.20001;0.5;0;0;0
0;-8.69999;0.1;74;1.20001;0.5;0;0;0
0;-8.59999;0.1;74.5;1.20001;0.5;0;0;0
0;-8.09999;0.5;75;1.20001;0.5;0;0;0
0;-7.09999;1;75.5;1.20001;0.5;0;0;0
0;-6.79999;0.3;76;1.20001;0.5;0;0;0
0;-7.29999;-0.5;76.5;1.20001;0.5;0;0;0
0;-7.49999;-0.2;77;1.20001;0.5;0;0;0
0;-7.39999;0.1;77.5;1.20001;0.5;0;0;0
0;-6.89999;0.5;78;1.20001;0.5;0;0;0
0;-7.39999;0;38;1.20001;0.5;0;0;0
0;-7.29999;0.1;38.5;1.20001;0.5;0;0;0
0;-7.09999;0.2;39;1.20001;0.5;0;0;0
0;-7.49999;-0.4;39.5;1.20001;0.5;0;0;0
0;-7.99999;-0.5;40;1.20001;0.5;0;0;0
0;-7.59999;0.4;40.5;1.20001;0.5;0;0;0
0;-7.99999;-0.4;41;1.20001;0.5;0;0;0
0;-8.19999;-0.2;41.5;1.20001;0.5;0;0;0
0;-8.79999;0;42;1.20001;0.5;0;0;0
0;-7.89999;0.9;42.5;1.20001;0.5;0;0;0
0;-6.89999;1;43;1.20001;0.5;0;0;0
0;-5.89999;1;43.5;1.20001;0.5;0;0;0
0;-4.89999;1;44;1.20001;0.5;0;0;0
0;-3.89999;1;44.5;1.20001;0.5;0;0;0
0;-3.39999;0.5;45;1.20001;0.5;0;0;0
0;-2.39999;1;45.5;1.20001;0.5;0;0;0
0;-1.49999;0.9;46;1.20001;0.5;0;0;0
0;-0.499994;1;46.5;1.20001;0.5;0;0;0
0;0.500006;1;47;1.20001;0.5;0;0;0
0;0.700006;0.2;47.5;1.20001;0.5;0;0;0
0;0.500006;-0.2;48;1.20001;0.5;0;0;0
0;0.900005;0.4;48.5;1.20001;0.5;0;0;0
0;0.700006;-0.2;49;1.20001;0.5;0;0;0
0;-0.0999947;-0.8;49.5;1.20001;0.5;0;0;0
0;-1.09999;-1;50;1.20001;0.5;0;0;0
0;-1.7;-0.6;50.5;1.20001;0.5;0;0;0
0;-2.09999;-0.4;51;1.20001;0.5;0;0;0
0;-2.29999;-0.2;51.5;1.20001;0.5;0;0;0
0;-2.79999;-0.5;52;1.20001;0.5;0;0;0
0;-2.39999;0.4;52.5;1.20001;0.5;0;0;0
0;-2.09999;0.3;53;1.20001;0.5;0;0;0
0;-1.39999;0.7;53.5;1.20001;0.5;0;0;0
0;-0.899995;0.5;54;1.20001;0.5;0;0;0
0;0.100005;1;54.5;1.20001;0.5;0;0;0
0;1.10001;1;55;1.20001;0.5;0;0;0
0;2.10001;1;55.5;1.20001;0.5;0;0;0
0;2.3;0.2;56;1.20001;0.5;0;0;0
0;3.2;0.9;56.5;1.20001;0.5;0;0;0
0;3.9;0.7;57;1.20001;0.5;0;0;0
0;4.4;0.5;57.5;1.20001;0.5;0;0;0
0;5.4;1;58;1.20001;0.5;0;0;0
0;6.1;0.7;58.5;1.20001;0.5;0;0;0
0;6.5;0.4;59;1.20001;0.5;0;0;0
0;6.8;0.3;59.5;1.20001;0.5;0;0;0
0;6.4;-0.4;60;1.20001;0.5;0;0;0
0;6.1;-0.3;60.5;1.20001;0.5;0;0;0
0;5.6;-0.5;61;1.20001;0.5;0;0;0
0;4.7;-0.9;61.5;1.20001;0.5;0;0;0
0;4.40001;-0.3;62;1.20001;0.5;0;0;0
0;3.8;-0.6;62.5;1.20001;0.5;0;0;0
0;2.8;-1;63;1.20001;0.5;0;0;0
0;1.8;-1;63.5;1.20001;0.5;0;0;0
0;1.7;-0.1;64;1.20001;0.5;0;0;0
0;0.900004;-0.8;64.5;1.20001;0.5;0;0;0
0;0.900004;0;65;1.20001;0.5;0;0;0
0;0.700005;-0.2;65.5;1.20001;0.5;0;0;0
0;0.200005;-0.5;66;1.20001;0.5;0;0;0
0;-0.299995;-0.5;66.5;1.20001;0.5;0;0;0
0;0.100004;0.4;67;1.20001;0.5;0;0;0
0;0.700005;0.6;67.5;1.20001;0.5;0;0;0
0;1.5;0.8;68;1.20001;0.5;0;0;0
0;1.9;0.4;68.5;1.20001;0.5;0;0;0
0;1.5;-0.4;69;1.20001;0.5;0;0;0
0;1;-0.5;69.5;1.20001;0.5;0;0;0
0;0.100004;-0.9;70;1.20001;0.5;0;0;0
0;-0.199996;-0.3;70.5;1.20001;0.5;0;0;0
0;-0.799996;-0.6;71;1.20001;0.5;0;0;0
0;-1.8;-1;71.5;1.20001;0.5;0;0;0
0;-2;-0.2;72;1.20001;0.5;0;0;0
0;-1.4;0.6;72.5;1.20001;0.5;0;0;0
0;-1.7;-0.3;73;1.20001;0.5;0;0;0
0;-2.2;-0.5;73.5;1.20001;0.5;0;0;0
0;-2.3;-0.0999999;74;1.20001;0.5;0;0;0
0;-2;0.3;74.5;1.20001;0.5;0;0;0
0;-2.5;-0.5;75;1.20001;0.5;0;0;0
0;-2.4;0.1;75.5;1.20001;0.5;0;0;0
0;-1.8;0.6;76;1.20001;0.5;0;0;0
0;-0.799995;1;76;1.20001;-0.5;0.5;0;0
0;-0.799995;0;75.5;1.70001;-0.5;0.5;0;0
0;-1.1;-0.3;75;2.20001;-0.5;0.5;0;0
0;-2;-0.9;74.5;2.70001;-0.5;0.5;0;0
0;-2.39999;-0.4;74;3.20001;-0.5;0.5;0;0
0;-2.09999;0.3;73.5;3.70001;-0.5;0.5;0;0
0;-2.59999;-0.5;73;4.20001;-0.5;0.5;0;0
0;-3.59999;-1;72.5;4.70001;-0.5;0.5;0;0
0;-4.59999;-1;72;5.20001;-0.5;0.5;0;0
0;-5.59999;-1;71.5;5.70001;-0.5;0.5;0;0
0;-5.89999;-0.3;71;6.20001;-0.5;0.5;0;0
0;-5.29999;0.6;70.5;6.70001;-0.5;0.5;0;0
0;-5;0.3;70;7.20001;-0.5;0.5;0;0
0;-5.5;-0.5;69.5;7.70001;-0.5;0.5;0;0
0;-5.5;-5.96046e-08;69;8.20001;-0.5;0.5;0;0
0;-5.5;-5.96046e-08;68.5;8.70001;-0.5;0.5;0;0
0;-5.9;-0.4;68;9.20001;-0.5;0.5;0;0
0;-5.6;0.3;67.5;9.70001;-0.5;0.5;0;0
0;-4.6;1;67;10.2;-0.5;0.5;0;0
0;-3.8;0.8;66.5;10.7;-0.5;0.5;0;0
0;-2.8;1;66;11.2;-0.5;0.5;0;0
0;-1.8;1;65.5;11.2;-0.5;-0.5;0;0
0;-1.2;0.6;65;10.7;-0.5;-0.5;0;0
0;-0.199995;1;64.5;10.2;-0.5;-0.5;0;0
0;0.700005;0.9;64;9.70001;-0.5;-0.5;0;0
0;1.7;1;63.5;9.20001;-0.5;-0.5;0;0
0;2.7;1;63;8.70001;-0.5;-0.5;0;0
0;2.9;0.2;62.5;8.20001;-0.5;-0.5;0;0
0;3.7;0.8;62;7.70001;-0.5;-0.5;0;0
0;4.7;1;61.5;7.20001;-0.5;-0.5;0;0
0;5.7;1;61;6.70001;-0.5;-0.5;0;0
0;6.3;0.6;60.5;6.20001;-0.5;-0.5;0;0
0;7.3;1;60;5.70001;-0.5;-0.5;0;0
0;7.90001;0.6;59.5;5.20001;-0.5;-0.5;0;0
0;8.20001;0;59;4.70001;-0.5;-0.5;0;0
0;8.20001;0;58.5;4.20001;-0.5;-0.5;0;0
0;8.20001;0;58;3.70001;-0.5;-0.5;0;0
0;8.20001;0;57.5;3.20001;-0.5;-0.5;0;0
0;7.40001;-0.8;57;2.70001;-0.5;-0.5;0;0
0;6.40001;-1;56.5;2.20001;-0.5;-0.5;0;0
0;5.70001;-0.7;56;1.70001;-0.5;-0.5;0;0
0;4.70001;-1;55.5;1.20001;-0.5;-0.5;0;0
0;3.70001;-1;55;0.700006;-0.5;-0.5;0;0
0;2.70001;-1;54.5;0.200006;-0.5;-0.5;0;0
0;1.70001;-1;54;-0.299994;-0.5;-0.5;0;0
0;0.700006;-1;53.5;-0.799994;-0.5;-0.5;0;0
0;-0.299994;-1;53;-1.29999;-0.5;-0.5;0;0
0;-0.399994;-0.1;52.5;-1.79999;-0.5;-0.5;0;0
0;-0.599994;-0.2;52;-2.29999;-0.5;-0.5;0;0
0;-0.699994;-0.1;51.5;-2.79999;-0.5;-0.5;0;0
0;-1.69999;-1;51;-3.29999;-0.5;-0.5;0;0
0;-2.49999;-0.8;50.5;-3.79999;-0.5;-0.5;0;0
0;-3.09999;-0.6;50;-4.29999;-0.5;-0.5;0;0
0;-4.09999;-1;49.5;-4.79999;-0.5;-0.5;0;0
0;-5.09999;-1;49;-5.29999;-0.5;-0.5;0;0
0;-6.09999;-1;48.5;-5.79999;-0.5;-0.5;0;0
0;-6.89999;-0.8;48;-6.29999;-0.5;-0.5;0;0
0;-7.59999;-0.7;47.5;-6.79999;-0.5;-0.5;0;0
0;-7.59999;0;47;-7.29999;-0.5;-0.5;0;0
0;-7.79999;-0.2;46.5;-7.79999;-0.5;-0.5;0;0
0;-7.89999;-0.1;46;-8.29999;-0.5;-0.5;0;0
0;-7.29999;0.6;45.5;-8.79999;-0.5;-0.5;0;0
0;-6.29999;1;45;-8.79999;-0.5;0.5;0;0
0;-6.19999;0.1;44.5;-8.29999;-0.5;0.5;0;0
0;-5.69999;0.5;44;-7.79999;-0.5;0.5;0;0
0;-5.99999;-0.3;43.5;-7.29999;-0.5;0.5;0;0
0;-6.7;-0.7;43;-6.79999;-0.5;0.5;0;0
0;-6.5;0.2;42.5;-6.29999;-0.5;0.5;0;0
0;-6.9;-0.4;42;-5.79999;-0.5;0.5;0;0
0;-7.8;-0.9;41.5;-5.29999;-0.5;0.5;0;0
0;-8.79999;0;41;-4.79999;-0.5;0.5;0;0
0;-8.79999;0;40.5;-4.29999;-0.5;0.5;0;0
0;-8.79999;0;40;-3.79999;-0.5;0.5;0;0
0;-8.79999;0;39.5;-3.29999;-0.5;0.5;0;0
0;-8.79999;0;39;-2.79999;-0.5;0.5;0;0
0;-8.79999;0;38.5;-2.29999;-0.5;0.5;0;0
0;-8.79999;0;38;-1.79999;-0.5;0.5;0;0
0;-8.79999;0;37.5;-1.29999;-0.5;0.5;0;0
0;-7.89999;0.9;37;-0.799994;-0.5;0.5;0;0
0;-6.89999;1;36.5;-0.299994;-0.5;0.5;0;0
0;-6.39999;0.5;36;0.200006;-0.5;0.5;0;0
0;-6.09999;0.3;35.5;0.700006;-0.5;0.5;0;0
0;-6.79999;-0.7;35;1.20001;-0.5;0.5;0;0
0;-7.79999;-1;34.5;1.70001;-0.5;0.5;0;0
0;-8.79999;-1;34;2.20001;-0.5;0.5;0;0
0;-8.79999;0;33.5;2.70001;-0.5;0.5;0;0
0;-8.79999;0;33;3.20001;-0.5;0.5;0;0
0;-8.09999;0.7;32.5;3.70001;-0.5;0.5;0;0
0;-7.09999;1;32;4.20001;-0.5;0.5;0;0
0;-6.19999;0.9;31.5;4.70001;-0.5;0.5;0;0
0;-5.29999;0.9;31;5.20001;-0.5;0.5;0;0
0;-4.49999;0.8;30.5;5.70001;-0.5;0.5;0;0
0;-3.59999;0.9;30;6.20001;-0.5;0.5;0;0
0;-2.59999;1;29.5;6.70001;-0.5;0.5;0;0
0;-1.59999;1;29;7.20001;-0.5;0.5;0;0
0;-1.19999;0.4;28.5;7.70001;-0.5;0.5;0;0
0;-0.199994;1;28;8.20001;-0.5;0.5;0;0
0;0.400006;0.6;27.5;8.70001;-0.5;0.5;0;0
0;0.300006;-0.1;27;9.20001;-0.5;0.5;0;0
0;0.800006;0.5;26.5;9.70001;-0.5;0.5;0;0
0;1.00001;0.2;26;10.2;-0.5;0.5;0;0
0;0.900005;-0.1;25.5;10.7;-0.5;0.5;0;0
0;1.50001;0.6;25;11.2;-0.5;0.5;0;0
0;2.40001;0.9;24.5;11.2;-0.5;-0.5;0;0
0;3.40001;1;24;10.7;-0.5;-0.5;0;0
0;4.40001;1;23.5;10.2;-0.5;-0.5;0;0
0;5.40001;1;23;9.70001;-0.5;-0.5;0;0
0;5.40001;0;22.5;9.20001;-0.5;-0.5;0;0
0;5.10001;-0.3;22;8.70001;-0.5;-0.5;0;0
0;5.50001;0.4;21.5;8.20001;-0.5;-0.5;0;0
0;6.50001;1;21;7.70001;-0.5;-0.5;0;0
0;7.50001;1;20.5;7.20001;-0.5;-0.5;0;0
0;8.20001;0;20;6.70001;-0.5;-0.5;0;0
0;7.40001;-0.8;19.5;6.20001;-0.5;-0.5;0;0
0;6.40001;-1;19;5.70001;-0.5;-0.5;0;0
0;5.40001;-1;18.5;5.20001;-0.5;-0.5;0;0
0;4.40001;-1;18;4.70001;-0.5;-0.5;0;0
0;3.60001;-0.8;17.5;4.20001;-0.5;-0.5;0;0
0;2.60001;-1;17;3.70001;-0.5;-0.5;0;0
0;1.60001;-1;16.5;3.20001;-0.5;-0.5;0;0
0;0.700007;-0.9;16;2.70001;-0.5;-0.5;0;0
0;-0.299993;-1;15.5;2.20001;-0.5;-0.5;0;0
0;-1.29999;-1;15;1.70001;-0.5;-0.5;0;0
0;-2.29999;-1;14.5;1.20001;-0.5;-0.5;0;0
0;-2.99999;-0.7;14;0.700006;-0.5;-0.5;0;0
0;-3.09999;-0.1;13.5;0.200006;-0.5;-0.5;0;0
0;-3.29999;-0.2;13;-0.299994;-0.5;-0.5;1;0
-0.2;-2.89999;0.2;12.5;-0.599994;-0.5;-0.5;0;0
-0.2;-1.69999;1;12;-0.899994;-0.5;-0.5;0;0
-0.2;-0.799994;0.7;11.5;-1.19999;-0.5;-0.5;0;0
-0.2;-0.899994;-0.3;11;-1.49999;-0.5;-0.5;0;0
-0.2;-1.59999;-0.9;10.5;-1.79999;-0.5;-0.5;0;0
-0.2;-1.79999;-0.4;10;-2.09999;-0.5;-0.5;0;0
-0.2;-2.59999;-1;9.5;-2.39999;-0.5;-0.5;0;0
-0.2;-2.59999;-0.2;9;-2.7;-0.5;-0.5;0;0
-0.2;-2.09999;0.3;8.5;-3;-0.5;-0.5;0;0
-0.2;-1.79999;0.1;8;-3.3;-0.5;-0.5;0;0
-0.2;-2.39999;-0.8;7.5;-3.6;-0.5;-0.5;0;0
-0.2;-3.19999;-1;7;-3.9;-0.5;-0.5;0;0
-0.2;-3.99999;-1;6.5;-4.2;-0.5;-0.5;0;0
-0.2;-4.79999;-1;6;-4.5;-0.5;-0.5;0;0
-0.2;-5.49999;-0.9;5.5;-4.8;-0.5;-0.5;0;0
-0.2;-5.5;-0.2;5;-5.1;-0.5;-0.5;0;0
-0.2;-4.7;0.6;4.5;-5.4;-0.5;-0.5;0;0
-0.2;-4.2;0.3;4;-5.2;-0.5;0.5;0;0
-0.2;-3.3;0.7;3.5;-4.5;-0.5;0.5;0;0
-0.2;-3.4;-0.3;3;-3.8;-0.5;0.5;0;0
-0.2;-3.3;-0.0999999;2.5;-3.1;-0.5;0.5;0;0
-0.2;-3.1;5.21541e-08;2;-2.4;-0.5;0.5;0;0
-0.2;-3.7;-0.8;1.5;-1.7;-0.5;0.5;0;0
-0.2;-3.9;-0.4;1;-0.999998;-0.5;0.5;0;0
-0.2;-3.8;0;0.5;-0.299998;-0.5;0.5;0;0
-0.2;-3.3;0.3;1;0.400002;0.2;0.4;0;0
-0.2;-3.4;0;1.2;1;0.2;0.4;0;0
-0.2;-3;0.2;1.4;1.6;0.2;0.4;0;0
-0.2;-2.1;0.7;1.6;2.2;0.2;0.4;0;0
-0.2;-1.1;0.8;1.8;2.8;0.2;0.4;0;0
-0.2;0.100001;1;2;3.4;0.2;0.4;0;0
-0.2;0.700001;0.4;2.2;4;0.2;0.4;0;0
-0.2;1.1;0.2;2.4;4.6;0.2;0.4;0;0
-0.2;1;-0.3;2.6;5.2;0.2;0.4;0;0
-0.2;1.3;0.1;2.8;5.8;0.2;0.4;0;0
-0.2;1;-0.5;3;6.4;0.2;0.4;0;0
-0.2;0.199999;-1;3.2;7;0.2;0.4;0;0
-0.2;-0.100001;-0.5;3.4;7.6;0.2;0.4;0;0
-0.2;-0.800001;-0.9;3.6;8.2;0.2;0.4;0;0
-0.2;-0.800001;0;3.8;8.79999;0.2;0.4;0;0
-0.2;-0.600001;0;4;9.39999;0.2;0.4;1;0
-0.4;-0.200001;0;4.2;10.2;0.2;0.4;0;0
0;0;0;4.4;10.8;0.2;0.4;0;0
0;0.2;0.2;4.6;11.2;0.2;0.4;0;0
0;0;0;4.8;11.6;0.2;0.4;0;0
0;0.0999999;0.1;5;12;0.2;0.4;0;0
0;0.7;0.6;5.2;12.4;0.2;0.4;0;0
0;1.7;1;5.4;12.8;0.2;0.4;0;0
0;2;0.3;5.6;13.2;0.2;0.4;0;0
0;3;1;5.8;13.6;0.2;0.4;0;0
0;3.6;0.6;6;14;0.2;0.4;0;1
0.2;3.5;0.1;6.2;14.2;0.2;0.4;0;0
0.2;3.4;0.1;6.4;14.4;0.2;0.4;0;0
0.2;3.3;0.1;6.6;14.6;0.2;0.4;0;0
0.2;2.4;-0.7;6.8;14.8;0.2;0.4;0;0
0.2;2.3;0.1;7;15;0.2;0.4;0;0
0.2;2.2;0.1;7.2;15.2;0.2;0.4;0;0
0.2;2.6;0.6;7.4;15.4;0.2;0.4;0;0
0.2;2.8;0.4;7.6;15.6;0.2;0.4;0;0
0.2;3.6;1;7.8;15.8;0.2;0.4;0;0
0.2;4.4;1;8;16;0.2;0.4;0;0
0.2;5.2;1;8.2;16.2;0.2;0.4;0;0
0.2;5.9;0.9;8.4;16.4;0.2;0.4;0;0
0.2;6.7;1;8.6;16.6;0.2;0.4;0;0
0.2;7.5;1;8.8;16.8;0.2;0.4;0;0
0.2;8.3;1;9;17;0.2;0.4;0;0
0.2;9.1;1;9.2;16.8;0.2;-0.4;0;0
0.2;9.9;1;9.39999;16.2;0.2;-0.4;0;0
0.2;9.7;0;9.59999;15.6;0.2;-0.4;0;0
0.2;8.5;-1;9.79999;15;0.2;-0.4;0;0
0.2;7.3;-1;9.99999;14.4;0.2;-0.4;0;0
0.2;6.2;-0.9;10.2;13.8;0.2;-0.4;0;0
0.2;6;0;10.4;13.2;0.2;-0.4;0;0
0.2;5.1;-0.7;10.6;12.6;0.2;-0.4;0;0
0.2;5.1;0.2;10.8;12;0.2;-0.4;0;0
0.2;5.3;0.4;11;11.4;0.2;-0.4;0;0
0.2;5.9;0.8;11.2;10.8;0.2;-0.4;0;0
0.2;6.4;0.7;11.4;10.2;0.2;-0.4;0;0
0.2;6.1;-0.1;11.6;9.60001;0.2;-0.4;0;0
0.2;5.5;-0.4;11.8;9.00001;0.2;-0.4;0;0
0.2;5.5;0.2;12;8.40001;0.2;-0.4;0;0
0.2;5.9;0.6;12.2;7.80001;0.2;-0.4;0;0
0.2;6.2;0.5;12.4;7.20001;0.2;-0.4;0;0
0.2;7;1;12.6;6.60001;0.2;-0.4;0;0
0.2;7.8;1;12.8;6.00001;0.2;-0.4;0;0
0.2;8.6;1;13;5.40001;0.2;-0.4;0;0
0.2;9.2;0.8;13.2;4.80001;0.2;-0.4;0;0
0.2;8.8;-0.2;13.4;4.20001;0.2;-0.4;0;0
0.2;9.2;0.6;13.6;3.60001;0.2;-0.4;0;0
0.2;9.20001;0;13.8;3.00002;0.2;-0.4;0;0
0.2;8.80001;-0.2;14;2.40002;0.2;-0.4;0;0
0.2;8.80001;0;14.2;1.80002;0.2;-0.4;1;0
0;8.60001;-0.2;14.4;1.40002;0.2;-0.4;0;1
0.2;8.60001;0;14.6;0.800017;0.2;-0.4;0;0
0.2;7.90001;-0.5;14.8;0.200018;0.2;-0.4;0;0
0.2;7.10001;-0.6;15;-0.399981;0.2;-0.4;0;0
0.2;6.00001;-0.9;15.2;-0.999981;0.2;-0.4;0;0
0.2;5.80001;-5.96046e-08;15.4;-1.59998;0.2;-0.4;0;0
0.2;6.50001;0.9;15.6;-2.19998;0.2;-0.4;0;0
0.2;7.30001;1;15.8;-2.79998;0.2;-0.4;0;0
0.2;7.20001;0;16;-3.39998;0.2;-0.4;0;0
0.2;7.00001;0;16.2;-3.99998;0.2;-0.4;0;0
0.2;6.80001;0;16.4;-4.59998;0.2;-0.4;0;0
0.2;6.60001;0;16.6;-5.19998;0.2;-0.4;0;0
0.2;6.40001;0;16.8;-5.79998;0.2;-0.4;0;0
0.2;6.20001;0;17;-6.39998;0.2;-0.4;0;0
0.2;5.60001;-0.4;17.2;-6.99998;0.2;-0.4;0;0
0.2;5.80001;0;17.4;-7.59998;0.2;-0.4;0;0
0.2;5.60001;0;17.6;-8.19998;0.2;-0.4;0;0
0.2;5.20001;-0.2;17.8;-8.79998;0.2;-0.4;0;0
0.2;4.30001;-0.7;18;-9.39998;0.2;-0.4;1;0
0;3.60001;-0.7;18.2;-9.79998;0.2;-0.4;0;0
0;3.10001;-0.5;18.4;-10.2;0.2;-0.4;0;0
0;2.10001;-1;18.6;-10.6;0.2;-0.4;0;0
0;1.90001;-0.2;18.8;-11;0.2;-0.4;0;0
0;1.00001;-0.9;19;-11.4;0.2;-0.4;0;0
0;0.700007;-0.3;19.2;-11.8;0.2;-0.4;0;0
0;-0.199992;-0.9;19.4;-11.8;0.2;0.4;0;0
0;-0.899992;-0.7;19.6;-11.4;0.2;0.4;0;0
0;-1.49999;-0.6;19.8;-11;0.2;0.4;0;0
0;-2.49999;-1;20;-10.6;0.2;0.4;0;0
0;-3.49999;-1;20.2;-10.2;0.2;0.4;0;0
0;-4.49999;-1;20.4;-9.79999;0.2;0.4;0;0
0;-4.59999;-0.1;20.6;-9.39999;0.2;0.4;0;0
0;-5.29999;-0.7;20.8;-8.99999;0.2;0.4;0;0
0;-5.89999;-0.6;21;-8.59999;0.2;0.4;0;0
0;-6.59999;-0.7;21.2;-8.19999;0.2;0.4;1;0
-0.2;-6.69999;-0.3;21.4;-7.59999;0.2;0.4;0;0
-0.2;-7.49999;-1;21.6;-6.99999;0.2;0.4;0;0
-0.2;-7.59999;-0.3;21.8;-6.39999;0.2;0.4;0;0
-0.2;-8.09999;-0.7;22;-5.79999;0.2;0.4;0;0
-0.2;-8.89999;-1;22.2;-5.19999;0.2;0.4;0;0
-0.2;-9.59999;-0.9;22.4;-4.59999;0.2;0.4;0;0
-0.2;-10.4;0;22.6;-3.99999;0.2;0.4;0;0
-0.2;-10.2;0;22.8;-3.39999;0.2;0.4;0;0
-0.2;-9.99999;0;23;-2.79999;0.2;0.4;0;0
-0.2;-9.79999;0;23.2;-2.19999;0.2;0.4;0;0
-0.2;-8.89999;0.7;23.4;-1.59999;0.2;0.4;0;0
-0.2;-8.29999;0.4;23.6;-0.999994;0.2;0.4;0;0
-0.2;-7.09999;1;23.8;-0.399995;0.2;0.4;0;0
-0.2;-6.09999;0.8;24;0.200005;0.2;0.4;0;0
-0.2;-4.89999;1;24.2;0.800004;0.2;0.4;0;1
0;-4.69999;0.2;24.4;1.2;0.2;0.4;0;0
0;-4.49999;0.2;24.6;1.6;0.2;0.4;0;0
0;-3.89999;0.6;24.8;2;0.2;0.4;0;0
0;-4.29999;-0.4;25;2.4;0.2;0.4;0;0
0;-3.79999;0.5;25.2;2.8;0.2;0.4;0;0
0;-3.69999;0.1;25.4;3.2;0.2;0.4;0;0
0;-2.79999;0.9;25.6;3.6;0.2;0.4;0;0
0;-1.79999;1;25.8;4;0.2;0.4;0;0
0;-0.899994;0.9;26;4.4;0.2;0.4;0;0
0;5.72205e-06;0.9;26.2;4.8;0.2;0.4;0;0
0;1.00001;1;26.4;5.2;0.2;0.4;0;0
0;1.70001;0.7;26.6;5.6;0.2;0.4;0;0
0;2.70001;1;26.8;6;0.2;0.4;0;0
0;3.20001;0.5;27;6.4;0.2;0.4;0;0
0;3.30001;0.1;27.2;6.8;0.2;0.4;0;0
0;2.50001;-0.8;27.4;7.2;0.2;0.4;0;0
0;1.50001;-1;27.6;7.6;0.2;0.4;0;0
0;0.500006;-1;27.8;8;0.2;0.4;0;0
0;-0.399994;-0.9;28;8.4;0.2;0.4;0;0
0;-1.19999;-0.8;28.2;8.8;0.2;0.4;0;0
0;-2.09999;-0.9;28.4;9.2;0.2;0.4;0;0
0;-2.69999;-0.6;28.6;9.6;0.2;0.4;0;0
0;-3.19999;-0.5;28.8;10;0.2;0.4;0;0
0;-3.09999;0.1;29;10.4;0.2;0.4;0;0
0;-3.39999;-0.3;29.2;10.8;0.2;0.4;0;0
0;-3.19999;0.2;29.4;11.2;0.2;0.4;0;0
0;-3.49999;-0.3;29.6;11.2;0.2;-0.4;0;0
0;-3.49999;5.96046e-08;29.8;10.8;0.2;-0.4;0;0
0;-2.59999;0.9;30;10.4;0.2;-0.4;0;0
0;-1.59999;1;30.2;10;0.2;-0.4;0;0
0;-0.599995;1;30.4;9.60001;0.2;-0.4;0;0
0;0.400005;1;30.6;9.20001;0.2;-0.4;0;0
0;0.600005;0.2;30.8;8.80001;0.2;-0.4;0;0
0;0.200006;-0.4;31;8.40001;0.2;-0.4;0;0
0;-0.699994;-0.9;31.2001;8.00001;0.2;-0.4;0;0
0;-1.09999;-0.4;31.4001;7.60001;0.2;-0.4;0;0
0;-1.99999;-0.9;31.6001;7.20001;0.2;-0.4;0;0
0;-2.99999;-1;31.8001;6.80001;0.2;-0.4;0;0
0;-3.69999;-0.7;32.0001;6.40001;0.2;-0.4;0;0
0;-4.69999;-1;32.2001;6.00001;0.2;-0.4;0;0
0;-4.79999;-0.1;32.4001;5.60001;0.2;-0.4;0;0
0;-4.79999;-2.23517e-08;32.6001;5.20001;0.2;-0.4;0;0
0;-4.69999;0.1;32.8001;4.80001;0.2;-0.4;0;0
0;-4.59999;0.1;33.0001;4.40001;0.2;-0.4;0;0
0;-3.99999;0.6;33.2001;4.00001;0.2;-0.4;0;0
0;-4.39999;-0.4;33.4001;3.60001;0.2;-0.4;0;0
0;-5.19999;-0.8;33.6001;3.20002;0.2;-0.4;0;0
0;-5.29999;-0.1;33.8001;2.80002;0.2;-0.4;0;0
0;-4.89999;0.4;34.0001;2.40002;0.2;-0.4;0;0
0;-4.19999;0.7;34.2001;2.00002;0.2;-0.4;0;0
0;-3.59999;0.6;34.4001;1.60002;0.2;-0.4;0;0
0;-2.59999;1;34.6001;1.20002;0.2;-0.4;0;0
0;-1.59999;1;34.8001;0.800017;0.2;-0.4;0;0
0;-0.599994;1;35.0001;0.400018;0.2;-0.4;0;0
0;0.400006;1;35.2001;1.81198e-05;0.2;-0.4;0;0
0;1.40001;1;35.4001;-0.399981;0.2;-0.4;0;0
0;1.80001;0.4;35.6001;-0.799981;0.2;-0.4;0;0
0;2.80001;1;35.8001;-1.19998;0.2;-0.4;0;0
0;2.90001;0.1;36.0001;-1.59998;0.2;-0.4;0;0
0;2.90001;2.23517e-08;36.2001;-1.99998;0.2;-0.4;0;0
0;3.60001;0.7;36.4001;-2.39998;0.2;-0.4;0;0
0;3.30001;-0.3;36.6001;-2.79998;0.2;-0.4;0;0
0;3.90001;0.6;36.8001;-3.19998;0.2;-0.4;0;0
0;4.90001;1;37.0001;-3.59998;0.2;-0.4;0;0
0;5.90001;1;37.2001;-3.99998;0.2;-0.4;0;0
0;6.90001;1;37.4001;-4.39998;0.2;-0.4;0;0
0;7.10001;0.2;37.6001;-4.79998;0.2;-0.4;0;0
0;6.80001;-0.3;37.8001;-5.19998;0.2;-0.4;0;0
0;6.10001;-0.7;38.0001;-5.59998;0.2;-0.4;0;0
0;5.10001;-1;38.2001;-5.99998;0.2;-0.4;0;0
0;4.10001;-1;38.4001;-6.39998;0.2;-0.4;0;0
0;3.80001;-0.3;38.6001;-6.79998;0.2;-0.4;0;0
0;4.30001;0.5;38.8001;-7.19998;0.2;-0.4;0;0
0;5.30001;1;39.0001;-7.59998;0.2;-0.4;0;0
0;6.30001;1;39.2001;-7.99998;0.2;-0.4;0;0
0;7.30001;1;39.4001;-8.39998;0.2;-0.4;0;0
0;8.20001;0.9;39.6001;-8.79998;0.2;-0.4;0;0
0;8.20001;0;39.8001;-8.79999;0.2;0.4;0;0
0;7.70001;-0.5;40.0001;-8.39999;0.2;0.4;0;0
0;6.80001;-0.9;40.2001;-7.99999;0.2;0.4;0;0
0;6.00001;-0.8;40.4001;-7.59999;0.2;0.4;0;0
0;5.70001;-0.3;40.6001;-7.19999;0.2;0.4;0;0
0;5.00001;-0.7;40.8001;-6.79999;0.2;0.4;0;0
0;4.30001;-0.7;41.0001;-6.39999;0.2;0.4;0;0
0;3.30001;-1;41.2001;-5.99999;0.2;0.4;0;0
0;2.30001;-1;41.4001;-5.59999;0.2;0.4;0;0
0;1.30001;-1;41.6001;-5.19999;0.2;0.4;0;0
0;0.900006;-0.4;41.8001;-4.79999;0.2;0.4;0;0
0;0.100006;-0.8;42.0001;-4.39999;0.2;0.4;0;0
0;-0.899994;-1;42.2001;-3.99999;0.2;0.4;0;0
0;-1.49999;-0.6;42.4001;-3.59999;0.2;0.4;0;0
0;-2.19999;-0.7;42.6001;-3.19999;0.2;0.4;0;0
0;-2.09999;0.1;42.8001;-2.79999;0.2;0.4;0;0
0;-1.39999;0.7;43.0001;-2.39999;0.2;0.4;0;0
0;-0.499994;0.9;43.2001;-1.99999;0.2;0.4;0;0
0;-0.599995;-0.1;43.4001;-1.59999;0.2;0.4;0;0
0;-1.59999;-1;43.6001;-1.19999;0.2;0.4;0;0
0;-2.39999;-0.8;43.8001;-0.799994;0.2;0.4;0;0
0;-3.39999;-1;44.0001;-0.399995;0.2;0.4;0;0
0;-4.39999;-1;44.2001;4.76837e-06;0.2;0.4;0;0
0;-5.39999;-1;44.4001;0.400004;0.2;0.4;0;0
0;-6.39999;-1;44.6001;0.800004;0.2;0.4;0;0
0;-7.39999;-1;44.8001;1.2;0.2;0.4;0;0
0;-8.39999;-1;45.0001;1.6;0.2;0.4;0;0
0;-8.79999;0;45.2001;2;0.2;0.4;0;0
0;-8.79999;0;45.4001;2.4;0.2;0.4;0;0
0;-8.59999;0.2;45.6001;2.8;0.2;0.4;0;0
0;-8.69999;-0.1;45.8001;3.2;0.2;0.4;0;0
0;-8.79999;0;46.0001;3.6;0.2;0.4;0;0
0;-8.79999;0;46.2001;4;0.2;0.4;0;0
0;-7.99999;0.8;46.4001;4.4;0.2;0.4;0;0
0;-6.99999;1;46.6001;4.8;0.2;0.4;0;0
0;-5.99999;1;46.8001;5.2;0.2;0.4;0;0
0;-5.09999;0.9;47.0001;5.6;0.2;0.4;0;0
0;-4.79999;0.3;47.2001;6;0.2;0.4;0;0
0;-3.89999;0.9;47.4001;6.4;0.2;0.4;0;0
0;-3.29999;0.6;47.6001;6.8;0.2;0.4;0;0
0;-2.29999;1;47.8001;7.2;0.2;0.4;0;0
0;-1.49999;0.8;48.0001;7.6;0.2;0.4;0;0
0;-0.499992;1;48.2001;8;0.2;0.4;0;0
0;0.500008;1;48.4001;8.4;0.2;0.4;0;0
0;1.50001;1;48.6001;8.8;0.2;0.4;0;0
0;2.50001;1;48.8001;9.2;0.2;0.4;0;0
0;3.50001;1;49.0001;9.6;0.2;0.4;0;0
0;4.50001;1;49.2001;10;0.2;0.4;0;0
0;5.50001;1;49.4001;10.4;0.2;0.4;0;0
0;5.60001;0.1;49.6001;10.8;0.2;0.4;0;0
0;5.80001;0.2;49.8001;11.2;0.2;0.4;0;0
0;5.90001;0.1;50.0001;11.2;0.2;-0.4;0;0
0;5.90001;1.49012e-08;50.2001;10.8;0.2;-0.4;0;0
0;5.30001;-0.6;50.4001;10.4;0.2;-0.4;0;0
0;5.00001;-0.3;50.6001;10;0.2;-0.4;0;0
0;4.40001;-0.6;50.8001;9.60001;0.2;-0.4;0;0
0;4.00001;-0.4;51.0001;9.20001;0.2;-0.4;0;0
0;3.00001;-1;51.2001;8.80001;0.2;-0.4;0;0
0;2.20001;-0.8;51.4001;8.40001;0.2;-0.4;0;0
0;1.60001;-0.6;51.6001;8.00001;0.2;-0.4;0;0
0;0.600008;-1;51.8001;7.60001;0.2;-0.4;0;0
0;7.62939e-06;-0.6;52.0001;7.20001;0.2;-0.4;0;0
0;0.300008;0.3;52.2001;6.80001;0.2;-0.4;0;0
0;0.500008;0.2;52.4001;6.40001;0.2;-0.4;0;0
0;0.100008;-0.4;52.6001;6.00001;0.2;-0.4;0;0
0;-0.399992;-0.5;52.8001;5.60001;0.2;-0.4;0;0
0;-1.39999;-1;53.0001;5.20001;0.2;-0.4;0;0
0;-2.39999;-1;53.2001;4.80001;0.2;-0.4;0;0
0;-3.39999;-1;53.4001;4.40001;0.2;-0.4;0;0
0;-4.19999;-0.8;53.6001;4.00001;0.2;-0.4;0;0
0;-5.19999;-1;53.8001;3.60001;0.2;-0.4;0;0
0;-5.59999;-0.4;54.0001;3.20002;0.2;-0.4;0;0
0;-5.09999;0.5;54.2001;2.80002;0.2;-0.4;0;0
0;-4.39999;0.7;54.4001;2.40002;0.2;-0.4;0;0
0;-4.29999;0.1;54.6001;2.00002;0.2;-0.4;0;0
0;-4.19999;0.1;54.8001;1.60002;0.2;-0.4;0;0
0;-4.79999;-0.6;55.0001;1.20002;0.2;-0.4;0;0
0;-5.79999;-1;55.2001;0.800017;0.2;-0.4;0;0
0;-6.59999;-0.8;55.4001;0.400018;0.2;-0.4;0;0
0;-7.59999;-1;55.6001;1.81198e-05;0.2;-0.4;0;0
0;-7.99999;-0.4;55.8001;-0.399981;0.2;-0.4;0;0
0;-7.79999;0.2;56.0001;-0.799981;0.2;-0.4;0;0
0;-7.19999;0.6;56.2001;-1.19998;0.2;-0.4;0;0
0;-6.39999;0.8;56.4001;-1.59998;0.2;-0.4;0;0
0;-5.39999;1;56.6001;-1.99998;0.2;-0.4;0;0
0;-4.39999;1;56.8001;-2.39998;0.2;-0.4;0;0
0;-3.69999;0.7;57.0001;-2.79998;0.2;-0.4;0;0
0;-3.79999;-0.1;57.2001;-3.19998;0.2;-0.4;0;0
0;-3.19999;0.6;57.4002;-3.59998;0.2;-0.4;0;0
0;-2.19999;1;57.6002;-3.99998;0.2;-0.4;0;0
0;-1.19999;1;57.8002;-4.39998;0.2;-0.4;0;0
0;-1.19999;0;58.0002;-4.79998;0.2;-0.4;0;0
0;-0.599992;0.6;58.2002;-5.19998;0.2;-0.4;0;0
0;-0.999991;-0.4;58.4002;-5.59998;0.2;-0.4;0;0
0;-1.99999;-1;58.6002;-5.99998;0.2;-0.4;0;0
0;-2.19999;-0.2;58.8002;-6.39998;0.2;-0.4;0;0
0;-3.19999;-1;59.0002;-6.79998;0.2;-0.4;0;0
0;-4.19999;-1;59.2002;-7.19998;0.2;-0.4;0;0
0;-5.19999;-1;59.4002;-7.59998;0.2;-0.4;0;0
0;-5.59999;-0.4;59.6002;-7.99998;0.2;-0.4;0;0
0;-6.39999;-0.8;59.8002;-8.39998;0.2;-0.4;0;0
0;-6.99999;-0.6;60.0002;-8.79998;0.2;-0.4;0;0
0;-7.49999;-0.5;60.2002;-8.79999;0.2;0.4;0;0
0;-7.79999;-0.3;60.4002;-8.39999;0.2;0.4;0;0
0;-8.79999;-1;60.6002;-7.99999;0.2;0.4;0;0
0;-8.79999;0;60.8002;-7.59999;0.2;0.4;0;0
0;-8.79999;0;61.0002;-7.19999;0.2;0.4;0;0
0;-8.79999;0;61.2002;-6.79999;0.2;0.4;0;0
0;-8.59999;0.2;61.4002;-6.39999;0.2;0.4;0;0
0;-8.69999;-0.1;61.6002;-5.99999;0.2;0.4;0;0
0;-8.09999;0.6;61.8002;-5.59999;0.2;0.4;0;0
0;-8.39999;-0.3;62.0002;-5.19999;0.2;0.4;0;0
0;-8.79999;0;62.2002;-4.79999;0.2;0.4;0;0
0;-8.19999;0.6;62.4002;-4.39999;0.2;0.4;0;0
0;-7.59999;0.6;62.6002;-3.99999;0.2;0.4;0;0
0;-7.59999;0;62.8002;-3.59999;0.2;0.4;0;0
0;-7.69999;-0.1;63.0002;-3.19999;0.2;0.4;0;0
0;-7.29999;0.4;63.2002;-2.79999;0.2;0.4;0;0
0;-7.59999;-0.3;63.4002;-2.39999;0.2;0.4;0;0
0;-8.59999;-1;63.6002;-1.99999;0.2;0.4;0;0
0;-8.79999;0;63.8002;-1.59999;0.2;0.4;0;0
0;-8.79999;0;64.0002;-1.19999;0.2;0.4;0;0
0;-8.79999;0;64.2001;-0.799994;0.2;0.4;0;0
0;-7.99999;0.8;64.4001;-0.399995;0.2;0.4;0;0
0;-6.99999;1;64.6001;4.76837e-06;0.2;0.4;0;0
0;-5.99999;1;64.8001;0.400004;0.2;0.4;0;0
0;-4.99999;1;65.0001;0.800004;0.2;0.4;0;0
0;-3.99999;1;65.2001;1.2;0.2;0.4;0;0
0;-2.99999;1;65.4001;1.6;0.2;0.4;0;0
0;-1.99999;1;65.6001;2;0.2;0.4;0;0
0;-0.999992;1;65.8001;2.4;0.2;0.4;0;0
0;-0.899992;0.1;66.0001;2.8;0.2;0.4;0;0
0;-1.49999;-0.6;66.2001;3.2;0.2;0.4;0;0
0;-1.79999;-0.3;66.4001;3.6;0.2;0.4;0;0
0;-1.49999;0.3;66.6001;4;0.2;0.4;0;0
0;-1.89999;-0.4;66.8001;4.4;0.2;0.4;0;0
0;-2.09999;-0.2;67.0001;4.8;0.2;0.4;0;0
0;-1.59999;0.5;67.2001;5.2;0.2;0.4;0;0
0;-1.49999;0.1;67.4001;5.6;0.2;0.4;0;0
0;-0.799992;0.7;67.6001;6;0.2;0.4;0;0
0;-1.09999;-0.3;67.8001;6.4;0.2;0.4;0;0
0;-1.19999;-0.0999999;68.0001;6.8;0.2;0.4;0;0
0;-2.09999;-0.9;68.2001;7.2;0.2;0.4;0;0
0;-2.19999;-0.1;68.4001;7.6;0.2;0.4;0;0
0;-2.99999;-0.8;68.6001;8;0.2;0.4;0;0
0;-3.99999;-1;68.8001;8.4;0.2;0.4;0;0
0;-4.99999;-1;69.0001;8.8;0.2;0.4;0;0
0;-5.99999;-1;69.2001;9.2;0.2;0.4;0;0
0;-6.99999;-1;69.4001;9.6;0.2;0.4;0;0
0;-7.49999;-0.5;69.6001;10;0.2;0.4;0;0
0;-7.09999;0.4;69.8001;10.4;0.2;0.4;0;0
0;-6.89999;0.2;70.0001;10.8;0.2;0.4;0;0
0;-7.09999;-0.2;70.2001;11.2;0.2;0.4;0;0
0;-6.79999;0.3;70.4001;11.2;0.2;-0.4;0;0
0;-6.29999;0.5;70.6001;10.8;0.2;-0.4;0;0
0;-6.59999;-0.3;70.8;10.4;0.2;-0.4;0;0
0;-6.29999;0.3;71;10;0.2;-0.4;0;0
0;-6.19999;0.0999999;71.2;9.60001;0.2;-0.4;0;0
0;-5.19999;1;71.4;9.20001;0.2;-0.4;0;0
0;-4.89999;0.3;71.6;8.80001;0.2;-0.4;0;0
0;-4.89999;-5.96046e-08;71.8;8.40001;0.2;-0.4;0;0
0;-5.79999;-0.9;72;8.00001;0.2;-0.4;0;0
0;-6.69999;-0.9;72.2;7.60001;0.2;-0.4;0;0
0;-6.79999;-0.1;72.4;7.20001;0.2;-0.4;0;0
0;-6.39999;0.4;72.6;6.80001;0.2;-0.4;0;0
0;-6.99999;-0.6;72.8;6.40001;0.2;-0.4;0;0
0;-6.99999;0;73;6.00001;0.2;-0.4;0;0
0;-6.19999;0.8;73.2;5.60001;0.2;-0.4;0;0
0;-5.19999;1;73.4;5.20001;0.2;-0.4;0;0
0;-4.19999;1;73.6;4.80001;0.2;-0.4;0;0
0;-3.29999;0.9;73.8;4.40001;0.2;-0.4;0;0
0;-2.59999;0.7;74;4.00001;0.2;-0.4;0;0
0;-1.79999;0.8;74.2;3.60001;0.2;-0.4;0;0
0;-0.799993;1;74.4;3.20002;0.2;-0.4;0;0
0;0.200007;1;74.6;2.80002;0.2;-0.4;0;0
0;1.20001;1;74.8;2.40002;0.2;-0.4;0;0
0;2.20001;1;75;2.00002;0.2;-0.4;0;0
0;2.90001;0.7;75.2;1.60002;0.2;-0.4;0;0
0;3.80001;0.9;75.4;1.20002;0.2;-0.4;0;0
0;4.70001;0.9;75.6;0.800017;0.2;-0.4;0;0
0;5.70001;1;75.8;0.400018;0.2;-0.4;0;0
0;6.70001;1;76;1.81198e-05;0.2;-0.4;0;0
0;7.70001;1;76.2;-0.399981;0.2;-0.4;0;0
0;8.20001;0;76.4;-0.799981;0.2;-0.4;0;0
0;8.10001;-0.1;76.6;-1.19998;0.2;-0.4;0;0
0;7.90001;-0.2;76.8;-1.59998;0.2;-0.4;0;0
0;7.80001;-0.1;77;-1.99998;0.2;-0.4;0;0
0;8.20001;0.4;77.2;-2.39998;0.2;-0.4;0;0
0;8.20001;0;77.3999;-2.79998;0.2;-0.4;0;0
0;8.20001;0;77.5999;-3.19998;0.2;-0.4;0;0
0;8.20001;0;77.7999;-3.59998;0.2;-0.4;0;0
0;8.20001;0;77.9999;-3.99998;0.2;-0.4;0;0
0;7.70001;0;38;1.20001;0.5;0;0;0
0;7.10001;-0.6;38.5;1.20001;0.5;0;0;0
0;7.00001;-0.1;39;1.20001;0.5;0;0;0
0;7.60001;0.6;39.5;1.20001;0.5;0;0;0
0;7.90001;0.3;40;1.20001;0.5;0;0;0
0;7.20001;-0.7;40.5;1.20001;0.5;0;0;0
0;6.60001;-0.6;41;1.20001;0.5;0;0;0
0;5.60001;-1;41.5;1.20001;0.5;0;0;0
0;4.60001;-1;42;1.20001;0.5;0;0;0
0;3.60001;-1;42.5;1.20001;0.5;0;0;0
0;2.60001;-1;43;1.20001;0.5;0;0;0
0;1.70001;-0.9;43.5;1.20001;0.5;0;0;0
0;1.00001;-0.7;44;1.20001;0.5;0;0;0
0;5.72205e-06;-1;44.5;1.20001;0.5;0;0;0
0;-0.999994;-1;45;1.20001;0.5;0;0;0
0;-1.99999;-1;45.5;1.20001;0.5;0;0;0
0;-2.59999;-0.6;46;1.20001;0.5;0;0;0
0;-3.59999;-1;46.5;1.20001;0.5;0;0;0
0;-4.49999;-0.9;47;1.20001;0.5;0;0;0
0;-5.49999;-1;47.5;1.20001;0.5;0;0;0
0;-6.49999;-1;48;1.20001;0.5;0;0;0
0;-7.49999;-1;48.5;1.20001;0.5;0;0;0
0;-8.49999;-1;49;1.20001;0.5;0;0;0
0;-8.79999;0;49.5;1.20001;0.5;0;0;0
0;-8.79999;0;50;1.20001;0.5;0;0;0
0;-8.09999;0.7;50.5;1.20001;0.5;0;0;0
0;-7.49999;0.6;51;1.20001;0.5;0;0;0
0;-6.69999;0.8;51.5;1.20001;0.5;0;0;0
0;-5.99999;0.7;52;1.20001;0.5;0;0;0
0;-5.29999;0.7;52.5;1.20001;0.5;0;0;0
0;-4.49999;0.8;53;1.20001;0.5;0;0;0
0;-3.49999;1;53.5;1.20001;0.5;0;0;0
0;-2.49999;1;54;1.20001;0.5;0;0;0
0;-1.49999;1;54.5;1.20001;0.5;0;0;0
0;-1.49999;0;55;1.20001;0.5;0;0;0
0;-1.39999;0.1;55.5;1.20001;0.5;0;0;0
0;-1.49999;-0.1;56;1.20001;0.5;0;0;0
0;-2.49999;-1;56.5;1.20001;0.5;0;0;0
0;-3.49999;-1;57;1.20001;0.5;0;0;0
0;-4.49999;-1;57.5;1.20001;0.5;0;0;0
0;-5.49999;-1;58;1.20001;0.5;0;0;0
0;-6.29999;-0.8;58.5;1.20001;0.5;0;0;0
0;-7.29999;-1;59;1.20001;0.5;0;0;0
0;-8.29999;-1;59.5;1.20001;0.5;0;0;0
0;-8.79999;0;60;1.20001;0.5;0;0;0
0;-8.39999;0.4;60.5;1.20001;0.5;0;0;0
0;-8.69999;-0.3;61;1.20001;0.5;0;0;0
0;-8.79999;0;61.5;1.20001;0.5;0;0;0
0;-8.49999;0.3;62;1.20001;0.5;0;0;0
0;-8.79999;0;62.5;1.20001;0.5;0;0;0
0;-8.79999;0;63;1.20001;0.5;0;0;0
0;-8.59999;0.2;63.5;1.20001;0.5;0;0;0
0;-8.79999;0;64;1.20001;0.5;0;0;0
0;-8.79999;0;64.5;1.20001;0.5;0;0;0
0;-8.29999;0.5;65;1.20001;0.5;0;0;0
0;-8.19999;0.1;65.5;1.20001;0.5;0;0;0
0;-8.19999;-7.45058e-09;66;1.20001;0.5;0;0;0
0;-7.79999;0.4;66.5;1.20001;0.5;0;0;0
0;-7.69999;0.1;67;1.20001;0.5;0;0;0
0;-7.59999;0.1;67.5;1.20001;0.5;0;0;0
0;-6.99999;0.6;68;1.20001;0.5;0;0;0
0;-6.79999;0.2;68.5;1.20001;0.5;0;0;0
0;-7.59999;-0.8;69;1.20001;0.5;0;0;0
0;-8.29999;-0.7;69.5;1.20001;0.5;0;0;0
0;-8.79999;0;70;1.20001;0.5;0;0;0
0;-8.79999;0;70.5;1.20001;0.5;0;0;0
0;-8.09999;0.7;71;1.20001;0.5;0;0;0
0;-7.09999;1;71.5;1.20001;0.5;0;0;0
0;-6.39999;0.7;72;1.20001;0.5;0;0;0
0;-5.39999;1;72.5;1.20001;0.5;0;0;0
0;-4.89999;0.5;73;1.20001;0.5;0;0;0
0;-3.89999;1;73.5;1.20001;0.5;0;0;0
0;-2.89999;1;74;1.20001;0.5;0;0;0
0;-2.19999;0.7;74.5;1.20001;0.5;0;0;0
0;-1.19999;1;75;1.20001;0.5;0;0;0
0;-0.399993;0.8;75.5;1.20001;0.5;0;0;0
0;0.600007;1;76;1.20001;0.5;0;0;0
0;1.60001;1;76;1.20001;-0.5;0.5;0;0
0;2.40001;0.8;75.5;1.70001;-0.5;0.5;0;0
0;3.40001;1;75;2.20001;-0.5;0.5;0;0
0;4.40001;1;74.5;2.70001;-0.5;0.5;0;0
0;5.40001;1;74;3.20001;-0.5;0.5;0;0
0;5.90001;0.5;73.5;3.70001;-0.5;0.5;0;0
0;6.70001;0.8;73;4.20001;-0.5;0.5;0;0
0;6.60001;-0.1;72.5;4.70001;-0.5;0.5;0;0
0;7.30001;0.7;72;5.20001;-0.5;0.5;0;0
0;7.50001;0.2;71.5;5.70001;-0.5;0.5;0;0
0;7.10001;-0.4;71;6.20001;-0.5;0.5;0;0
0;6.90001;-0.2;70.5;6.70001;-0.5;0.5;0;0
0;6.90001;2.98023e-08;70;7.20001;-0.5;0.5;0;0
0;7.10001;0.2;69.5;7.70001;-0.5;0.5;0;0
0;8.10001;1;69;8.20001;-0.5;0.5;0;0
0;8.20001;0;68.5;8.70001;-0.5;0.5;0;0
0;8.20001;0;68;9.20001;-0.5;0.5;0;0
0;8.20001;0;67.5;9.70001;-0.5;0.5;0;0
0;8.10001;-0.1;67;10.2;-0.5;0.5;0;0
0;7.80001;-0.3;66.5;10.7;-0.5;0.5;0;0
0;8.00001;0.2;66;11.2;-0.5;0.5;0;0
0;7.60001;-0.4;65.5;11.2;-0.5;-0.5;0;0
0;7.10001;-0.5;65;10.7;-0.5;-0.5;0;0
0;7.50001;0.4;64.5;10.2;-0.5;-0.5;0;0
0;8.20001;0;64;9.70001;-0.5;-0.5;0;0
0;8.20001;0;63.5;9.20001;-0.5;-0.5;0;0
0;8.20001;0;63;8.70001;-0.5;-0.5;0;0
0;8.20001;0;62.5;8.20001;-0.5;-0.5;0;0
0;7.70001;-0.5;62;7.70001;-0.5;-0.5;0;0
0;7.30001;-0.4;61.5;7.20001;-0.5;-0.5;0;0
0;7.40001;0.1;61;6.70001;-0.5;-0.5;0;0
0;7.50001;0.1;60.5;6.20001;-0.5;-0.5;0;0
0;8.20001;0;60;5.70001;-0.5;-0.5;0;0
0;8.20001;0;59.5;5.20001;-0.5;-0.5;0;0
0;7.80001;-0.4;59;4.70001;-0.5;-0.5;0;0
0;7.90001;0.1;58.5;4.20001;-0.5;-0.5;0;0
0;7.30001;-0.6;58;3.70001;-0.5;-0.5;0;0
0;6.60001;-0.7;57.5;3.20001;-0.5;-0.5;0;0
0;5.90001;-0.7;57;2.70001;-0.5;-0.5;0;0
0;4.90001;-1;56.5;2.20001;-0.5;-0.5;0;0
0;4.60001;-0.3;56;1.70001;-0.5;-0.5;0;0
0;4.40001;-0.2;55.5;1.20001;-0.5;-0.5;0;0
0;4.70001;0.3;55;0.700007;-0.5;-0.5;0;0
0;4.40001;-0.3;54.5;0.200007;-0.5;-0.5;0;0
0;4.40001;-2.98023e-08;54;-0.299993;-0.5;-0.5;0;0
0;4.10001;-0.3;53.5;-0.799993;-0.5;-0.5;0;0
0;4.50001;0.4;53;-1.29999;-0.5;-0.5;0;0
0;5.30001;0.8;52.5;-1.79999;-0.5;-0.5;0;0
0;5.20001;-0.1;52;-2.29999;-0.5;-0.5;0;0
0;5.10001;-0.1;51.5;-2.79999;-0.5;-0.5;0;0
0;4.10001;-1;51;-3.29999;-0.5;-0.5;0;0
0;3.10001;-1;50.5;-3.79999;-0.5;-0.5;0;0
0;2.10001;-1;50;-4.29999;-0.5;-0.5;0;0
0;1.10001;-1;49.5;-4.79999;-0.5;-0.5;0;0
0;0.100005;-1;49;-5.29999;-0.5;-0.5;0;0
0;-0.899995;-1;48.5;-5.79999;-0.5;-0.5;0;0
0;-1.29999;-0.4;48;-6.29999;-0.5;-0.5;0;0
0;-2.29999;-1;47.5;-6.79999;-0.5;-0.5;0;0
0;-2.59999;-0.3;47;-7.29999;-0.5;-0.5;0;0
0;-2.39999;0.2;46.5;-7.79999;-0.5;-0.5;0;0
0;-2.5;-0.1;46;-8.29999;-0.5;-0.5;0;0
0;-1.8;0.7;45.5;-8.79999;-0.5;-0.5;0;0
0;-0.899996;0.9;45;-8.79999;-0.5;0.5;0;0
0;0.100004;1;44.5;-8.29999;-0.5;0.5;0;0
0;0.900004;0.8;44;-7.79999;-0.5;0.5;0;0
0;0.800004;-0.1;43.5;-7.29999;-0.5;0.5;0;0
0;0.600004;-0.2;43;-6.79999;-0.5;0.5;0;0
0;1.1;0.5;42.5;-6.29999;-0.5;0.5;0;0
0;2.1;1;42;-5.79999;-0.5;0.5;0;0
0;2.7;0.6;41.5;-5.29999;-0.5;0.5;0;0
0;3.7;1;41;-4.79999;-0.5;0.5;0;0
0;3.8;0.1;40.5;-4.29999;-0.5;0.5;0;0
0;3.40001;-0.4;40;-3.79999;-0.5;0.5;0;0
0;2.90001;-0.5;39.5;-3.29999;-0.5;0.5;0;0
0;3.10001;0.2;39;-2.79999;-0.5;0.5;0;0
0;2.8;-0.3;38.5;-2.29999;-0.5;0.5;0;0
0;2.2;-0.6;38;-1.79999;-0.5;0.5;0;0
0;1.5;-0.7;37.5;-1.29999;-0.5;0.5;0;0
0;0.700005;-0.8;37;-0.799993;-0.5;0.5;0;0
0;-0.299995;-1;36.5;-0.299993;-0.5;0.5;0;0
0;-1.3;-1;36;0.200007;-0.5;0.5;0;0
0;-2.2;-0.9;35.5;0.700007;-0.5;0.5;0;0
0;-3.2;-1;35;1.20001;-0.5;0.5;0;0
0;-4.2;-1;34.5;1.70001;-0.5;0.5;0;0
0;-5.2;-1;34;2.20001;-0.5;0.5;0;0
0;-6.2;-1;33.5;2.70001;-0.5;0.5;0;0
0;-7.2;-1;33;3.20001;-0.5;0.5;0;0
0;-8.09999;-0.9;32.5;3.70001;-0.5;0.5;0;0
0;-8.79999;0;32;4.20001;-0.5;0.5;0;0
0;-8.79999;0;31.5;4.70001;-0.5;0.5;0;0
0;-8.79999;0;31;5.20001;-0.5;0.5;0;0
0;-8.79999;0;30.5;5.70001;-0.5;0.5;0;0
0;-8.79999;0;30;6.20001;-0.5;0.5;0;0
0;-8.29999;0.5;29.5;6.70001;-0.5;0.5;0;0
0;-8.19999;0.1;29;7.20001;-0.5;0.5;0;0
0;-8.79999;0;28.5;7.70001;-0.5;0.5;0;0
0;-8.09999;0.7;28;8.20001;-0.5;0.5;0;0
0;-8.39999;-0.3;27.5;8.70001;-0.5;0.5;0;0
0;-8.49999;-0.1;27;9.20001;-0.5;0.5;0;0
0;-8.09999;0.4;26.5;9.70001;-0.5;0.5;0;0
0;-8.49999;-0.4;26;10.2;-0.5;0.5;0;0
0;-8.39999;0.1;25.5;10.7;-0.5;0.5;0;0
0;-7.99999;0.4;25;11.2;-0.5;0.5;0;0
0;-8.59999;-0.6;24.5;11.2;-0.5;-0.5;0;0
0;-8.79999;0;24;10.7;-0.5;-0.5;0;0
0;-8.79999;0;23.5;10.2;-0.5;-0.5;0;0
0;-7.99999;0.8;23;9.70001;-0.5;-0.5;0;0
0;-6.99999;1;22.5;9.20001;-0.5;-0.5;0;0
0;-5.99999;1;22;8.70001;-0.5;-0.5;0;0
0;-4.99999;1;21.5;8.20001;-0.5;-0.5;0;0
0;-4.89999;0.1;21;7.70001;-0.5;-0.5;0;0
0;-3.89999;1;20.5;7.20001;-0.5;-0.5;0;0
0;-3.19999;0.7;20;6.70001;-0.5;-0.5;0;0
0;-2.79999;0.4;19.5;6.20001;-0.5;-0.5;0;0
0;-1.99999;0.8;19;5.70001;-0.5;-0.5;0;0
0;-1.99999;-5.96046e-08;18.5;5.20001;-0.5;-0.5;0;0
0;-1.59999;0.4;18;4.70001;-0.5;-0.5;0;0
0;-1.89999;-0.3;17.5;4.20001;-0.5;-0.5;0;0
0;-2.39999;-0.5;17;3.70001;-0.5;-0.5;0;0
0;-2.29999;0.1;16.5;3.20001;-0.5;-0.5;0;0
0;-1.69999;0.6;16;2.70001;-0.5;-0.5;0;0
0;-1.09999;0.6;15.5;2.20001;-0.5;-0.5;0;0
0;-0.0999918;1;15;1.70001;-0.5;-0.5;0;0
0;0.900008;1;14.5;1.20001;-0.5;-0.5;0;0
0;1.90001;1;14;0.700007;-0.5;-0.5;0;0
0;1.90001;0;13.5;0.200007;-0.5;-0.5;0;0
0;2.30001;0.4;13;-0.299993;-0.5;-0.5;0;0
0;3.30001;1;12.5;-0.799993;-0.5;-0.5;0;0
0;4.30001;1;12;-1.29999;-0.5;-0.5;0;0
0;4.80001;0.5;11.5;-1.79999;-0.5;-0.5;0;0
0;4.70001;-0.1;11;-2.29999;-0.5;-0.5;0;0
0;4.90001;0.2;10.5;-2.79999;-0.5;-0.5;0;0
0;4.90001;-1.49012e-08;10;-3.29999;-0.5;-0.5;1;0
-0.2;5.80001;0.7;9.5;-3.59999;-0.5;-0.5;0;0
-0.2;6.80001;0.8;9;-3.89999;-0.5;-0.5;0;0
-0.2;7.70001;0.7;8.5;-4.19999;-0.5;-0.5;0;0
-0.2;7.60001;-0.3;8;-4.49999;-0.5;-0.5;0;0
-0.2;7.70001;-0.1;7.5;-4.79999;-0.5;-0.5;0;0
-0.2;7.10001;-0.8;7;-5.09999;-0.5;-0.5;0;0
-0.2;6.40001;-0.9;6.5;-5.39999;-0.5;-0.5;0;0
-0.2;6.40001;-0.2;6;-5.69999;-0.5;-0.5;0;0
-0.2;7.00001;0.4;5.5;-5.99999;-0.5;-0.5;0;0
-0.2;6.60001;-0.6;5;-6.29999;-0.5;-0.5;0;0
-0.2;6.80001;0;4.5;-6.59999;-0.5;-0.5;0;0
-0.2;6.30001;-0.7;4;-6.39999;-0.5;0.5;0;0
-0.2;6.30001;-0.2;3.5;-5.7;-0.5;0.5;0;0
-0.2;6.50001;1.49012e-08;3;-5;-0.5;0.5;0;0
-0.2;7.40001;0.7;2.5;-4.3;-0.5;0.5;0;0
-0.2;8.10001;0.5;2;-3.6;-0.5;0.5;0;0
-0.2;8.00001;-0.3;1.5;-2.9;-0.5;0.5;0;0
-0.2;8.20001;0;1;-2.2;-0.5;0.5;0;0
-0.2;8.30001;-0.1;0.5;-1.5;-0.5;0.5;0;0
-0.2;7.70001;-0.8;0;-0.799996;-0.5;0.5;0;0
-0.2;6.90001;-1;1;-0.0999966;0.2;0.4;0;0
-0.2;6.40001;-0.7;1.2;0.500003;0.2;0.4;0;0
-0.2;6.80001;0.2;1.4;1.1;0.2;0.4;0;0
-0.2;6.80001;-0.2;1.6;1.7;0.2;0.4;0;0
-0.2;6.30001;-0.7;1.8;2.3;0.2;0.4;0;0
-0.2;6.10001;-0.4;2;2.9;0.2;0.4;0;0
-0.2;6.60001;0.3;2.2;3.5;0.2;0.4;0;0
-0.2;7.60001;0.8;2.4;4.1;0.2;0.4;0;0
-0.2;8.40001;0.6;2.6;4.7;0.2;0.4;0;0
-0.2;9.40001;0.8;2.8;5.3;0.2;0.4;0;0
-0.2;10.6;1;3;5.9;0.2;0.4;0;0
-0.2;11.3;0.5;3.2;6.5;0.2;0.4;0;0
-0.2;12.1;0.6;3.4;7.1;0.2;0.4;0;0
-0.2;12.9;0.6;3.6;7.7;0.2;0.4;0;0
-0.2;14.1;1;3.8;8.3;0.2;0.4;0;0
-0.2;14.9;0.6;4;8.9;0.2;0.4;0;0
-0.2;15;-0.1;4.2;9.5;0.2;0.4;0;1
0;15.6;0;4.4;9.89999;0.2;0.4;0;0
0;14.7;-0.9;4.6;10.3;0.2;0.4;0;0
0;13.7;-1;4.8;10.7;0.2;0.4;0;0
0;12.7;-1;5;11.1;0.2;0.4;0;0
0;11.9;-0.8;5.2;11.5;0.2;0.4;0;0
0;11;-0.9;5.4;11.9;0.2;0.4;0;0
0;10.2;-0.8;5.6;12.3;0.2;0.4;0;0
0;10.2;0;5.8;12.7;0.2;0.4;0;0
0;9.9;-0.3;6;13.1;0.2;0.4;0;0
0;10.1;0.2;6.2;13.5;0.2;0.4;0;0
0;10.2;0.1;6.4;13.9;0.2;0.4;0;0
0;10.7;0.5;6.6;14.3;0.2;0.4;0;0
0;10.5;-0.2;6.8;14.7;0.2;0.4;0;0
0;9.7;-0.8;7;15.1;0.2;0.4;0;0
0;9.3;-0.4;7.2;15.5;0.2;0.4;0;0
0;8.8;-0.5;7.4;15.9;0.2;0.4;0;0
0;7.8;-1;7.6;16.3;0.2;0.4;0;0
0;7.7;-0.1;7.8;16.7;0.2;0.4;0;1
0.2;7.7;0.2;8;16.9;0.2;0.4;0;0
0.2;7.2;-0.3;8.2;17.1;0.2;0.4;0;0
0.2;7;0;8.4;17.3;0.2;0.4;0;0
0.2;6.2;-0.6;8.6;17.5;0.2;0.4;0;0
0.2;6;0;8.8;17.6;0.2;-0.4;0;0
0.2;6;0.2;9;17;0.2;-0.4;0;0
0.2;6.7;0.9;9.2;16.4;0.2;-0.4;0;0
0.2;6.4;-0.1;9.39999;15.8;0.2;-0.4;0;0
0.2;6.1;-0.1;9.59999;15.2;0.2;-0.4;0;0
0.2;5.4;-0.5;9.79999;14.6;0.2;-0.4;0;0
0.2;4.5;-0.7;9.99999;14;0.2;-0.4;0;0
0.2;3.3;-1;10.2;13.4;0.2;-0.4;0;0
0.2;2.2;-0.9;10.4;12.8;0.2;-0.4;0;0
0.2;1.9;-0.1;10.6;12.2;0.2;-0.4;0;0
0.2;2.4;0.7;10.8;11.6;0.2;-0.4;0;0
0.2;3.2;1;11;11;0.2;-0.4;0;0
0.2;4;1;11.2;10.4;0.2;-0.4;0;0
0.2;4.6;0.8;11.4;9.80001;0.2;-0.4;0;0
0.2;5.4;1;11.6;9.20001;0.2;-0.4;0;0
0.2;5.4;0.2;11.8;8.60001;0.2;-0.4;0;0
0.2;6.2;1;12;8.00001;0.2;-0.4;0;0
0.2;7;1;12.2;7.40001;0.2;-0.4;0;0
0.2;7.8;1;12.4;6.80001;0.2;-0.4;0;0
0.2;8.3;0.7;12.6;6.20001;0.2;-0.4;0;0
0.2;8.70001;0.6;12.8;5.60001;0.2;-0.4;0;0
0.2;9.10001;0.6;13;5.00001;0.2;-0.4;0;0
0.2;9.90001;1;13.2;4.40001;0.2;-0.4;0;0
0.2;10;0;13.4;3.80001;0.2;-0.4;0;0
0.2;9.70001;-0.1;13.6;3.20002;0.2;-0.4;0;0
0.2;9.60001;0;13.8;2.60002;0.2;-0.4;0;0
0.2;8.40001;-1;14;2.00002;0.2;-0.4;0;0
0.2;7.30001;-0.9;14.2;1.40002;0.2;-0.4;0;0
0.2;6.10001;-1;14.4;0.800017;0.2;-0.4;0;0
0.2;5.50001;-0.4;14.6;0.200018;0.2;-0.4;0;0
0.2;5.50001;0.2;14.8;-0.399981;0.2;-0.4;1;0
0;6.00001;0.5;15;-0.799981;0.2;-0.4;0;0
0;6.00001;5.96046e-08;15.2;-1.19998;0.2;-0.4;0;0
0;6.60001;0.6;15.4;-1.59998;0.2;-0.4;0;0
0;6.90001;0.3;15.6;-1.99998;0.2;-0.4;0;0
0;7.00001;0.1;15.8;-2.39998;0.2;-0.4;0;0
0;7.00001;6.70552e-08;16;-2.79998;0.2;-0.4;0;0
0;7.90001;0.9;16.2;-3.19998;0.2;-0.4;0;0
0;8.60001;0;16.4;-3.59998;0.2;-0.4;0;0
0;8.60001;0;16.6;-3.99998;0.2;-0.4;0;0
0;8.20001;-0.4;16.8;-4.39998;0.2;-0.4;0;0
0;8.60001;0.4;17;-4.79998;0.2;-0.4;0;0
0;8.20001;-0.4;17.2;-5.19998;0.2;-0.4;0;0
0;7.20001;-1;17.4;-5.59998;0.2;-0.4;0;0
0;6.50001;-0.7;17.6;-5.99998;0.2;-0.4;0;0
0;5.50001;-1;17.8;-6.39998;0.2;-0.4;0;0
0;4.50001;-1;18;-6.79998;0.2;-0.4;0;0
0;4.20001;-0.3;18.2;-7.19998;0.2;-0.4;0;0
0;4.50001;0.3;18.4;-7.59998;0.2;-0.4;0;0
0;4.30001;-0.2;18.6;-7.99998;0.2;-0.4;0;0
0;4.00001;-0.3;18.8;-8.39998;0.2;-0.4;0;0
0;3.20001;-0.8;19;-8.39999;0.2;0.4;0;0
0;2.20001;-1;19.2;-7.99999;0.2;0.4;0;0
0;1.20001;-1;19.4;-7.59999;0.2;0.4;0;0
0;0.200006;-1;19.6;-7.19999;0.2;0.4;0;0
0;-0.699993;-0.9;19.8;-6.79999;0.2;0.4;0;0
0;-0.999993;-0.3;20;-6.39999;0.2;0.4;0;0
0;-1.99999;-1;20.2;-5.99999;0.2;0.4;0;0
0;-2.99999;-1;20.4;-5.59999;0.2;0.4;0;0
0;-3.19999;-0.2;20.6;-5.19999;0.2;0.4;0;0
0;-2.89999;0.3;20.8;-4.79999;0.2;0.4;0;0
0;-1.89999;1;21;-4.39999;0.2;0.4;0;0
0;-1.39999;0.5;21.2;-3.99999;0.2;0.4;0;1
0.2;-1.19999;0.4;21.4;-3.79999;0.2;0.4;0;0
0.2;-0.699993;0.7;21.6;-3.59999;0.2;0.4;0;0
0.2;0.100007;1;21.8;-3.39999;0.2;0.4;0;0
0.2;0.900007;1;22;-3.19999;0.2;0.4;0;0
0.2;1.10001;0.4;22.2;-2.99999;0.2;0.4;0;0
0.2;1.90001;1;22.4;-2.79999;0.2;0.4;0;0
0.2;2.60001;0.9;22.6;-2.59999;0.2;0.4;1;0
0;3.00001;0.4;22.8;-2.19999;0.2;0.4;0;0
0;2.70001;-0.3;23;-1.79999;0.2;0.4;0;0
0;1.70001;-1;23.2;-1.39999;0.2;0.4;0;0
0;0.800007;-0.9;23.4;-0.999994;0.2;0.4;0;0
0;0.500007;-0.3;23.6;-0.599995;0.2;0.4;0;0
0;0.300007;-0.2;23.8;-0.199995;0.2;0.4;0;0
0;0.500007;0.2;24;0.200005;0.2;0.4;0;0
0;1.50001;1;24.2;0.600004;0.2;0.4;0;0
0;2.50001;1;24.4;1;0.2;0.4;0;0
0;3.50001;1;24.6;1.4;0.2;0.4;0;0
0;4.50001;1;24.8;1.8;0.2;0.4;0;0
0;5.50001;1;25;2.2;0.2;0.4;0;0
0;6.40001;0.9;25.2;2.6;0.2;0.4;0;0
0;7.20001;0;25.4;3;0.2;0.4;0;0
0;7.20001;0;25.6;3.4;0.2;0.4;0;0
0;7.20001;0;25.8;3.8;0.2;0.4;0;0
0;6.80001;-0.4;26;4.2;0.2;0.4;0;0
0;7.00001;0.2;26.2;4.6;0.2;0.4;0;0
0;7.20001;0;26.4;5;0.2;0.4;0;0
0;6.40001;-0.8;26.6;5.4;0.2;0.4;0;0
0;5.40001;-1;26.8;5.8;0.2;0.4;0;0
0;4.90001;-0.5;27;6.2;0.2;0.4;0;0
0;4.90001;0;27.2;6.6;0.2;0.4;0;0
0;5.30001;0.4;27.4;7;0.2;0.4;0;0
0;5.20001;-0.1;27.6;7.4;0.2;0.4;0;0
0;5.50001;0.3;27.8;7.8;0.2;0.4;0;0
0;6.20001;0.7;28;8.2;0.2;0.4;0;0
0;7.20001;1;28.2;8.6;0.2;0.4;0;0
0;7.20001;0;28.4;9;0.2;0.4;0;0
0;6.40001;-0.8;28.6;9.4;0.2;0.4;0;0
0;6.00001;-0.4;28.8;9.8;0.2;0.4;0;0
0;6.20001;0.2;29;10.2;0.2;0.4;0;0
0;6.70001;0.5;29.2;10.2;0.2;-0.4;0;0
0;7.20001;0;29.4;9.80001;0.2;-0.4;0;0
0;7.20001;0;29.6;9.40001;0.2;-0.4;0;0
0;7.10001;-0.1;29.8;9.00001;0.2;-0.4;0;0
0;6.10001;-1;30;8.60001;0.2;-0.4;0;0
0;5.50001;-0.6;30.2;8.20001;0.2;-0.4;0;0
0;4.50001;-1;30.4;7.80001;0.2;-0.4;0;0
0;3.50001;-1;30.6;7.40001;0.2;-0.4;0;0
0;2.70001;-0.8;30.8;7.00001;0.2;-0.4;0;0
0;2.60001;-0.1;31;6.60001;0.2;-0.4;0;0
0;2.40001;-0.2;31.2001;6.20001;0.2;-0.4;0;0
0;1.40001;-1;31.4001;5.80001;0.2;-0.4;0;0
0;0.400007;-1;31.6001;5.40001;0.2;-0.4;0;0
0;0.100007;-0.3;31.8001;5.00001;0.2;-0.4;0;0
0;0.400007;0.3;32.0001;4.60001;0.2;-0.4;0;0
0;0.100007;-0.3;32.2001;4.20001;0.2;-0.4;0;0
0;-0.299993;-0.4;32.4001;3.80001;0.2;-0.4;0;0
0;-0.699992;-0.4;32.6001;3.40001;0.2;-0.4;0;0
0;-1.69999;-1;32.8001;3.00002;0.2;-0.4;0;0
0;-2.59999;-0.9;33.0001;2.60002;0.2;-0.4;0;0
0;-3.59999;-1;33.2001;2.20002;0.2;-0.4;0;0
0;-4.59999;-1;33.4001;1.80002;0.2;-0.4;0;0
0;-5.59999;-1;33.6001;1.40002;0.2;-0.4;0;0
0;-6.59999;-1;33.8001;1.00002;0.2;-0.4;0;0
0;-6.69999;-0.1;34.0001;0.600018;0.2;-0.4;0;0
0;-6.79999;-0.1;34.2001;0.200018;0.2;-0.4;0;0
0;-7.79999;-1;34.4001;-0.199982;0.2;-0.4;0;0
0;-8.79999;-1;34.6001;-0.599981;0.2;-0.4;0;0
0;-9.79999;-1;34.8001;-0.999981;0.2;-0.4;0;0
0;-9.79999;0;35.0001;-1.39998;0.2;-0.4;0;0
0;-8.99999;0.8;35.2001;-1.79998;0.2;-0.4;0;0
0;-8.39999;0.6;35.4001;-2.19998;0.2;-0.4;0;0
0;-7.59999;0.8;35.6001;-2.59998;0.2;-0.4;0;0
0;-6.59999;1;35.8001;-2.99998;0.2;-0.4;0;0
0;-5.69999;0.9;36.0001;-3.39998;0.2;-0.4;0;0
0;-4.69999;1;36.2001;-3.79998;0.2;-0.4;0;0
0;-3.79999;0.9;36.4001;-4.19998;0.2;-0.4;0;0
0;-2.79999;1;36.6001;-4.59998;0.2;-0.4;0;0
0;-1.79999;1;36.8001;-4.99998;0.2;-0.4;1;0
-0.2;-0.599992;1;37.0001;-5.19998;0.2;-0.4;0;0
-0.2;-0.399992;0;37.2001;-5.39998;0.2;-0.4;0;0
-0.2;-0.299993;-0.1;37.4001;-5.59998;0.2;-0.4;0;0
-0.2;0.100007;0.2;37.6001;-5.79998;0.2;-0.4;0;0
-0.2;1.30001;1;37.8001;-5.99998;0.2;-0.4;0;0
-0.2;2.20001;0.7;38.0001;-6.19998;0.2;-0.4;0;0
-0.2;2.10001;-0.3;38.2001;-6.39998;0.2;-0.4;0;0
-0.2;2.60001;0.3;38.4001;-6.59998;0.2;-0.4;0;1
0;2.40001;-0.2;38.6001;-6.99998;0.2;-0.4;0;0
0;3.10001;0.7;38.8001;-7.39998;0.2;-0.4;0;0
0;3.40001;0.3;39.0001;-7.79998;0.2;-0.4;0;0
0;3.50001;0.1;39.2001;-8.19998;0.2;-0.4;0;0
0;3.50001;-2.23517e-08;39.4001;-8.19999;0.2;0.4;0;0
0;3.90001;0.4;39.6001;-7.79999;0.2;0.4;0;0
0;4.90001;1;39.8001;-7.39999;0.2;0.4;0;0
0;5.90001;1;40.0001;-6.99999;0.2;0.4;0;0
0;6.00001;0.1;40.2001;-6.59999;0.2;0.4;0;0
0;6.90001;0.9;40.4001;-6.19999;0.2;0.4;0;0
0;7.40001;0.5;40.6001;-5.79999;0.2;0.4;0;0
0;8.40001;1;40.8001;-5.39999;0.2;0.4;0;0
0;8.80001;0;41.0001;-4.99999;0.2;0.4;0;0
0;8.50001;-0.3;41.2001;-4.59999;0.2;0.4;0;0
0;7.50001;-1;41.4001;-4.19999;0.2;0.4;0;0
0;7.10001;-0.4;41.6001;-3.79999;0.2;0.4;0;0
0;7.30001;0.2;41.8001;-3.39999;0.2;0.4;0;0
0;8.10001;0.8;42.0001;-2.99999;0.2;0.4;0;0
0;8.60001;0.5;42.2001;-2.59999;0.2;0.4;0;0
0;8.50001;-0.1;42.4001;-2.19999;0.2;0.4;0;0
0;8.70001;0.2;42.6001;-1.79999;0.2;0.4;0;0
0;8.50001;-0.2;42.8001;-1.39999;0.2;0.4;0;0
0;7.60001;-0.9;43.0001;-0.999994;0.2;0.4;0;0
0;6.80001;-0.8;43.2001;-0.599995;0.2;0.4;0;0
0;5.80001;-1;43.4001;-0.199995;0.2;0.4;0;0
0;5.60001;-0.2;43.6001;0.200005;0.2;0.4;0;0
0;4.80001;-0.8;43.8001;0.600004;0.2;0.4;0;0
0;3.80001;-1;44.0001;1;0.2;0.4;0;0
0;2.90001;-0.9;44.2001;1.4;0.2;0.4;0;0
0;2.90001;0;44.4001;1.8;0.2;0.4;0;0
0;3.50001;0.6;44.6001;2.2;0.2;0.4;0;0
0;4.30001;0.8;44.8001;2.6;0.2;0.4;0;0
0;5.30001;1;45.0001;3;0.2;0.4;0;0
0;6.30001;1;45.2001;3.4;0.2;0.4;0;0
0;6.80001;0.5;45.4001;3.8;0.2;0.4;0;0
0;7.30001;0.5;45.6001;4.2;0.2;0.4;0;0
0;7.40001;0.1;45.8001;4.6;0.2;0.4;0;0
0;7.00001;-0.4;46.0001;5;0.2;0.4;0;0
0;7.30001;0.3;46.2001;5.4;0.2;0.4;0;0
0;8.30001;1;46.4001;5.8;0.2;0.4;0;0
0;8.80001;0;46.6001;6.2;0.2;0.4;0;0
0;8.60001;-0.2;46.8001;6.6;0.2;0.4;0;0
0;7.70001;-0.9;47.0001;7;0.2;0.4;0;0
0;7.50001;-0.2;47.2001;7.4;0.2;0.4;0;0
0;7.8;0.3;47.4001;7.8;0.2;0.4;0;0
0;8.2;0.4;47.6001;8.2;0.2;0.4;0;0
0;8.80001;0;47.8001;8.6;0.2;0.4;0;0
0;8.60001;-0.2;48.0001;9;0.2;0.4;0;0
0;8.80001;0;48.2001;9.4;0.2;0.4;0;0
0;8.00001;-0.8;48.4001;9.8;0.2;0.4;0;0
0;7.60001;-0.4;48.6001;10.2;0.2;0.4;0;0
0;6.70001;-0.9;48.8001;10.6;0.2;0.4;0;0
0;5.70001;-1;49.0001;11;0.2;0.4;0;0
0;4.70001;-1;49.2001;11.4;0.2;0.4;0;0
0;3.80001;-0.9;49.4001;11.8;0.2;0.4;0;0
0;2.80001;-1;49.6001;11.8;0.2;-0.4;0;0
0;1.80001;-1;49.8001;11.4;0.2;-0.4;0;0
0;0.800009;-1;50.0001;11;0.2;-0.4;0;0
0;0.400009;-0.4;50.2001;10.6;0.2;-0.4;0;0
0;-0.0999908;-0.5;50.4001;10.2;0.2;-0.4;0;0
0;-1.09999;-1;50.6001;9.80001;0.2;-0.4;0;0
0;-2.09999;-1;50.8001;9.40001;0.2;-0.4;0;0
0;-2.59999;-0.5;51.0001;9.00001;0.2;-0.4;0;0
0;-2.19999;0.4;51.2001;8.60001;0.2;-0.4;0;0
0;-2.29999;-0.1;51.4001;8.20001;0.2;-0.4;0;0
0;-2.79999;-0.5;51.6001;7.80001;0.2;-0.4;0;0
0;-2.89999;-0.1;51.8001;7.40001;0.2;-0.4;0;0
0;-3.89999;-1;52.0001;7.00001;0.2;-0.4;0;0
0;-4.89999;-1;52.2001;6.60001;0.2;-0.4;0;0
0;-5.59999;-0.7;52.4001;6.20001;0.2;-0.4;0;0
0;-5.79999;-0.2;52.6001;5.80001;0.2;-0.4;0;0
0;-6.09999;-0.3;52.8001;5.40001;0.2;-0.4;0;0
0;-6.59999;-0.5;53.0001;5.00001;0.2;-0.4;0;0
0;-6.29999;0.3;53.2001;4.60001;0.2;-0.4;0;0
0;-5.99999;0.3;53.4001;4.20001;0.2;-0.4;0;0
0;-4.99999;1;53.6001;3.80001;0.2;-0.4;0;0
0;-4.29999;0.7;53.8001;3.40001;0.2;-0.4;0;0
0;-4.29999;0;54.0001;3.00002;0.2;-0.4;0;0
0;-4.09999;0.2;54.2001;2.60002;0.2;-0.4;0;0
0;-4.19999;-0.1;54.4001;2.20002;0.2;-0.4;0;0
0;-3.79999;0.4;54.6001;1.80002;0.2;-0.4;0;0
0;-3.39999;0.4;54.8001;1.40002;0.2;-0.4;0;0
0;-2.39999;1;55.0001;1.00002;0.2;-0.4;0;0
0;-1.99999;0.4;55.2001;0.600018;0.2;-0.4;0;0
0;-0.999992;1;55.4001;0.200018;0.2;-0.4;0;0
0;7.62939e-06;1;55.6001;-0.199982;0.2;-0.4;0;0
0;0.400007;0.4;55.8001;-0.599981;0.2;-0.4;0;0
0;0.700007;0.3;56.0001;-0.999981;0.2;-0.4;0;0
0;1.40001;0.7;56.2001;-1.39998;0.2;-0.4;0;0
0;1.20001;-0.2;56.4001;-1.79998;0.2;-0.4;0;0
0;1.50001;0.3;56.6001;-2.19998;0.2;-0.4;0;0
0;0.900007;-0.6;56.8001;-2.59998;0.2;-0.4;0;0
0;1.10001;0.2;57.0001;-2.99998;0.2;-0.4;0;0
0;1.30001;0.2;57.2001;-3.39998;0.2;-0.4;0;0
0;1.50001;0.2;57.4002;-3.79998;0.2;-0.4;0;0
0;0.800007;-0.7;57.6002;-4.19998;0.2;-0.4;0;0
0;0.100007;-0.7;57.8002;-4.59998;0.2;-0.4;0;0
0;0.300007;0.2;58.0002;-4.99998;0.2;-0.4;0;0
0;0.100007;-0.2;58.2002;-5.39998;0.2;-0.4;0;0
0;6.67572e-06;-0.1;58.4002;-5.79998;0.2;-0.4;0;0
0;-0.599994;-0.6;58.6002;-6.19998;0.2;-0.4;0;0
0;-1.19999;-0.6;58.8002;-6.59998;0.2;-0.4;0;0
0;-2.19999;-1;59.0002;-6.99998;0.2;-0.4;0;0
0;-3.19999;-1;59.2002;-7.39998;0.2;-0.4;0;0
0;-4.19999;-1;59.4002;-7.79998;0.2;-0.4;0;0
0;-4.79999;-0.6;59.6002;-8.19998;0.2;-0.4;0;0
0;-5.69999;-0.9;59.8002;-8.19999;0.2;0.4;0;0
0;-6.69999;-1;60.0002;-7.79999;0.2;0.4;0;0
0;-7.69999;-1;60.2002;-7.39999;0.2;0.4;0;0
0;-8.19999;0;60.4002;-6.99999;0.2;0.4;0;0
0;-8.19999;0;60.6002;-6.59999;0.2;0.4;0;0
0;-8.19999;0;60.8002;-6.19999;0.2;0.4;0;0
0;-8.19999;0;61.0002;-5.79999;0.2;0.4;0;0
0;-8.19999;0;61.2002;-5.39999;0.2;0.4;0;0
0;-8.19999;0;61.4002;-4.99999;0.2;0.4;0;0
0;-8.19999;0;61.6002;-4.59999;0.2;0.4;0;0
0;-8.19999;0;61.8002;-4.19999;0.2;0.4;0;0
0;-7.69999;0.5;62.0002;-3.79999;0.2;0.4;0;0
0;-6.69999;1;62.2002;-3.39999;0.2;0.4;0;0
0;-5.69999;1;62.4002;-2.99999;0.2;0.4;0;0
0;-4.99999;0.7;62.6002;-2.59999;0.2;0.4;0;0
0;-4.79999;0.2;62.8002;-2.19999;0.2;0.4;0;0
0;-4.09999;0.7;63.0002;-1.79999;0.2;0.4;0;0
0;-3.99999;0.1;63.2002;-1.39999;0.2;0.4;0;0
0;-3.69999;0.3;63.4002;-0.999994;0.2;0.4;0;0
0;-2.79999;0.9;63.6002;-0.599995;0.2;0.4;0;0
0;-1.79999;1;63.8002;-0.199995;0.2;0.4;0;0
0;-1.29999;0.5;64.0002;0.200005;0.2;0.4;0;0
0;-1.29999;0;64.2001;0.600004;0.2;0.4;0;0
0;-1.79999;-0.5;64.4001;1;0.2;0.4;0;0
0;-2.59999;-0.8;64.6001;1.4;0.2;0.4;0;0
0;-3.49999;-0.9;64.8001;1.8;0.2;0.4;0;0
0;-4.49999;-1;65.0001;2.2;0.2;0.4;0;0
0;-4.79999;-0.3;65.2001;2.6;0.2;0.4;0;0
0;-5.5;-0.7;65.4001;3;0.2;0.4;0;0
0;-6.4;-0.9;65.6001;3.4;0.2;0.4;0;0
0;-7.3;-0.9;65.8001;3.8;0.2;0.4;0;0
0;-8.19999;0;66.0001;4.2;0.2;0.4;0;0
0;-8.19999;0;66.2001;4.6;0.2;0.4;0;0
0;-7.49999;0.7;66.4001;5;0.2;0.4;0;0
0;-7.39999;0.1;66.6001;5.4;0.2;0.4;0;0
0;-7.29999;0.1;66.8001;5.8;0.2;0.4;0;0
0;-7.29999;-3.72529e-08;67.0001;6.2;0.2;0.4;0;0
0;-6.59999;0.7;67.2001;6.6;0.2;0.4;0;0
0;-6.69999;-0.1;67.4001;7;0.2;0.4;0;0
0;-7.69999;-1;67.6001;7.4;0.2;0.4;0;0
0;-8.19999;0;67.8001;7.8;0.2;0.4;0;0
0;-8.09999;0.1;68.0001;8.2;0.2;0.4;0;0
0;-8.19999;-0.1;68.2001;8.6;0.2;0.4;0;0
0;-8.19999;0;68.4001;9;0.2;0.4;0;0
0;-8.19999;0;68.6001;9.4;0.2;0.4;0;0
0;-8.09999;0.1;68.8001;9.8;0.2;0.4;0;0
0;-7.79999;0.3;69.0001;10.2;0.2;0.4;0;0
0;-7.39999;0.4;69.2001;10.6;0.2;0.4;0;0
0;-7.29999;0.1;69.4001;11;0.2;0.4;0;0
0;-7.59999;-0.3;69.6001;11.4;0.2;0.4;0;0
0;-8.19999;0;69.8001;11.8;0.2;0.4;0;0
0;-8.19999;0;70.0001;11.8;0.2;-0.4;0;0
0;-8.19999;0;70.2001;11.4;0.2;-0.4;0;0
0;-8.19999;0;70.4001;11;0.2;-0.4;0;0
0;-7.49999;0.7;70.6001;10.6;0.2;-0.4;0;0
0;-6.99999;0.5;70.8;10.2;0.2;-0.4;0;0
0;-5.99999;1;71;9.80001;0.2;-0.4;0;0
0;-4.99999;1;71.2;9.40001;0.2;-0.4;0;0
0;-4.59999;0.4;71.4;9.00001;0.2;-0.4;0;0
0;-3.99999;0.6;71.6;8.60001;0.2;-0.4;0;0
0;-2.99999;1;71.8;8.20001;0.2;-0.4;0;0
0;-1.99999;1;72;7.80001;0.2;-0.4;0;0
0;-0.999993;1;72.2;7.40001;0.2;-0.4;0;0
0;6.67572e-06;1;72.4;7.00001;0.2;-0.4;0;0
0;0.400006;0.4;72.6;6.60001;0.2;-0.4;0;0
0;1.20001;0.8;72.8;6.20001;0.2;-0.4;0;0
0;1.60001;0.4;73;5.80001;0.2;-0.4;0;0
0;1.90001;0.3;73.2;5.40001;0.2;-0.4;0;0
0;2.80001;0.9;73.4;5.00001;0.2;-0.4;0;0
0;3.60001;0.8;73.6;4.60001;0.2;-0.4;0;0
0;4.60001;1;73.8;4.20001;0.2;-0.4;0;0
0;5.50001;0.9;74;3.80001;0.2;-0.4;0;0
0;6.20001;0.7;74.2;3.40001;0.2;-0.4;0;0
0;7.20001;1;74.4;3.00002;0.2;-0.4;0;0
0;8.20001;1;74.6;2.60002;0.2;-0.4;0;0
0;8.80001;0;74.8;2.20002;0.2;-0.4;0;0
0;8.30001;-0.5;75;1.80002;0.2;-0.4;0;0
0;8.70001;0.4;75.2;1.40002;0.2;-0.4;0;0
0;8.10001;-0.6;75.4;1.00002;0.2;-0.4;0;0
0;7.10001;-1;75.6;0.600018;0.2;-0.4;0;0
0;7.00001;-0.1;75.8;0.200018;0.2;-0.4;0;0
0;7.00001;-2.23517e-08;76;-0.199982;0.2;-0.4;0;0
0;6.20001;-0.8;76.2;-0.599981;0.2;-0.4;0;0
0;6.30001;0.1;76.4;-0.999981;0.2;-0.4;0;0
0;6.90001;0.6;76.6;-1.39998;0.2;-0.4;0;0
0;7.90001;1;76.8;-1.79998;0.2;-0.4;0;0
0;8.40001;0.5;77;-2.19998;0.2;-0.4;0;0
0;8.00001;-0.4;77.2;-2.59998;0.2;-0.4;0;0
0;7.70001;-0.3;77.3999;-2.99998;0.2;-0.4;0;0
